question,label
Anh muốn mua iPhone 13 Pro Max,buy
Em ơi ship hàng về Đà Nẵng bao lâu vậy?,buy
Mình có thể thanh toán qua ví Momo không?,buy
Anh cần tư vấn về iPhone 14 Pro Max,consultation
Samsung Galaxy S22 Ultra có bao nhiêu GB RAM?,consultation
Điện thoại nào có dung lượng pin trâu nhất?,consultation
"Giữa iPhone 14 Pro và Samsung Galaxy S22 Ultra, cái nào tốt hơn?",compare
iPhone 12 với iPhone 13 thì camera cái nào đẹp hơn?,compare
iPhone và Samsung dòng nào bền hơn?,compare
Sản phẩm này bảo hành trong bao lâu?,insurance
Anh muốn biết chính sách bảo hành khi điện thoại bị vô nước,insurance
Shop có nhận sửa chữa iPhone không?,insurance
Hôm nay trời nóng quá em nhỉ?,chitchat
Anh thấy sản phẩm này bên Shopee giá rẻ hơn,chitchat
Hôm nay có chương trình khuyến mãi gì không?,chitchat
"Điện thoại của anh vừa mua nhưng bị lỗi màn hình, bảo hành thế nào?",insurance
Bên em có hỗ trợ đổi trả không?,insurance
Anh muốn đặt iPhone 14 Pro Max màu đen,buy
Shop có hỗ trợ thanh toán bằng thẻ tín dụng không?,buy
Anh cần xem một vài mẫu điện thoại Samsung có giá dưới 10 triệu,consultation
iPhone 15 Pro Max có những màu nào?,consultation
iPhone 13 Pro và iPhone 14 Pro khác nhau điểm gì?,compare
Samsung Galaxy Z Fold 3 và Z Flip 3 khác nhau thế nào?,compare
Anh muốn biết phí ship về TP.HCM là bao nhiêu?,buy
Nếu đặt hàng hôm nay thì khi nào nhận được?,buy
Anh muốn tìm một chiếc iPhone có dung lượng bộ nhớ lớn nhất,consultation
Giá của iPhone 12 Pro Max hiện tại là bao nhiêu?,consultation
Em có rảnh không? Anh muốn hỏi chút chuyện,chitchat
Điện thoại nào có màn hình đẹp nhất?,consultation
Samsung Galaxy S22 Ultra có tần số quét màn hình cao nhất không?,consultation
Cửa hàng của em ở đâu vậy?,chitchat
"Anh muốn đổi máy cũ lấy máy mới, bên em có hỗ trợ không?",insurance
iPhone 13 Pro và Samsung Galaxy S22 Ultra thì cái nào mạnh hơn?,compare
Bên em có bán sạc nhanh cho iPhone không?,chitchat
Điện thoại nào có hiệu năng mạnh nhất hiện nay?,consultation
Anh cần tư vấn về một chiếc điện thoại pin trâu để chơi game,consultation
Cửa hàng có mở cửa vào ngày Chủ Nhật không?,chitchat
Bảo hành màn hình iPhone có mất phí không?,insurance
Nếu mua iPhone 15 Pro Max thì bảo hành mấy năm?,insurance
Anh có thể đến cửa hàng để xem sản phẩm trước khi mua không?,buy
Chính sách hoàn tiền khi lỗi sản phẩm như thế nào?,insurance
Anh muốn so sánh iPhone 15 Pro và iPhone 15 thường,compare
Mua Samsung Galaxy S23 có được giảm giá không?,buy
Máy nào chụp ảnh đẹp nhất?,consultation
Điện thoại nào có tốc độ sạc nhanh nhất?,consultation
Em có thể giữ hàng giúp anh không?,buy
Có chương trình đổi điện thoại cũ lấy mới không?,insurance
Mua trả góp thì cần giấy tờ gì?,buy
Samsung Galaxy Z Flip 5 có mấy màu?,consultation
Có nên mua iPhone 15 Pro Max không?,consultation
Mua Samsung hay iPhone tốt hơn?,compare
iPhone nào đang có giá rẻ nhất?,consultation
Anh đang cần tư vấn về điện thoại chơi game,consultation
Anh có thể trả hàng nếu không ưng ý không?,insurance
Bên em có bán phụ kiện điện thoại không?,chitchat
Điện thoại nào có loa nghe nhạc hay nhất?,consultation
Bảo hành pin iPhone trong bao lâu?,insurance
Có chương trình khuyến mãi nào sắp tới không?,chitchat
Giao hàng có mất phí không?,buy
Shop có ship COD không?,buy
Sản phẩm nào có giá tốt nhất hiện nay?,consultation
iPhone 14 Pro có camera bao nhiêu MP?,consultation
Cửa hàng mở cửa đến mấy giờ?,chitchat
Có nên mua Samsung Z Fold 5 không?,consultation
Anh muốn mua iPhone 14 Pro nhưng đang phân vân với iPhone 15,compare
Nếu đặt hàng hôm nay thì khi nào giao?,buy
Bảo hành có áp dụng với lỗi rơi vỡ không?,insurance
Điện thoại nào có thời lượng pin lâu nhất?,consultation
Có hỗ trợ cài đặt phần mềm khi mua máy không?,insurance
iPhone 13 Mini có còn hàng không?,consultation
Mua online có được ưu đãi gì không?,buy
Anh có thể đổi trả sau khi mua bao lâu?,insurance
