id,productId,publicId,url
,500,,https://cdn.hoanghamobile.com/i/previewV2/Uploads/2025/03/06/mac-studio-m3-ultra-m4-non-ai-mar25-pdp-image-position-1-vn-vi.png
,501,,https://cdn.hoanghamobile.com/i/previewV2/Uploads/2025/03/06/macbook-air-13-inch-m4-non-ai-mar25-sky-blue-pdp-image-position-1-vn-vi.png
,501,,https://cdn.hoanghamobile.com/i/previewV2/Uploads/2025/03/06/macbook-air-13-inch-m4-non-ai-mar25-starlight-pdp-image-position-1-vn-vi.png
,501,,https://cdn.hoanghamobile.com/i/previewV2/Uploads/2025/03/06/macbook-air-13-inch-m4-non-ai-mar25-midnight-pdp-image-position-1-vn-vi.png
,501,,https://cdn.hoanghamobile.com/i/previewV2/Uploads/2025/03/06/macbook-air-13-inch-m4-non-ai-mar25-silver-pdp-image-position-1-vn-vi.png
,502,,https://cdn.hoanghamobile.com/i/previewV2/Uploads/2025/03/06/macbook-air-13-inch-m4-non-ai-mar25-sky-blue-pdp-image-position-1-vn-vi.png
,502,,https://cdn.hoanghamobile.com/i/previewV2/Uploads/2025/03/06/macbook-air-13-inch-m4-non-ai-mar25-starlight-pdp-image-position-1-vn-vi.png
,502,,https://cdn.hoanghamobile.com/i/previewV2/Uploads/2025/03/06/macbook-air-13-inch-m4-non-ai-mar25-midnight-pdp-image-position-1-vn-vi.png
,502,,https://cdn.hoanghamobile.com/i/previewV2/Uploads/2025/03/06/macbook-air-13-inch-m4-non-ai-mar25-silver-pdp-image-position-1-vn-vi.png
,503,,https://cdn.hoanghamobile.com/i/previewV2/Uploads/2025/03/06/macbook-air-15-inch-m4-non-ai-mar25-sky-blue-pdp-image-position-1-vn-vi.png
,503,,https://cdn.hoanghamobile.com/i/previewV2/Uploads/2025/03/06/macbook-air-15-inch-m4-non-ai-mar25-starlight-pdp-image-position-1-vn-vi.png
,503,,https://cdn.hoanghamobile.com/i/previewV2/Uploads/2025/03/06/macbook-air-15-inch-m4-non-ai-mar25-midnight-pdp-image-position-1-vn-vi.png
,503,,https://cdn.hoanghamobile.com/i/previewV2/Uploads/2025/03/06/macbook-air-15-inch-m4-non-ai-mar25-silver-pdp-image-position-1-vn-vi.png
,504,,https://cdn.hoanghamobile.com/i/previewV2/Uploads/2025/03/06/macbook-air-13-inch-m4-non-ai-mar25-sky-blue-pdp-image-position-1-vn-vi.png
,504,,https://cdn.hoanghamobile.com/i/previewV2/Uploads/2025/03/06/macbook-air-13-inch-m4-non-ai-mar25-starlight-pdp-image-position-1-vn-vi.png
,504,,https://cdn.hoanghamobile.com/i/previewV2/Uploads/2025/03/06/macbook-air-13-inch-m4-non-ai-mar25-midnight-pdp-image-position-1-vn-vi.png
,504,,https://cdn.hoanghamobile.com/i/previewV2/Uploads/2025/03/06/macbook-air-13-inch-m4-non-ai-mar25-silver-pdp-image-position-1-vn-vi.png
,505,,https://cdn.hoanghamobile.com/i/previewV2/Uploads/2025/03/06/macbook-air-15-inch-m4-non-ai-mar25-sky-blue-pdp-image-position-1-vn-vi.png
,505,,https://cdn.hoanghamobile.com/i/previewV2/Uploads/2025/03/06/macbook-air-15-inch-m4-non-ai-mar25-starlight-pdp-image-position-1-vn-vi.png
,505,,https://cdn.hoanghamobile.com/i/previewV2/Uploads/2025/03/06/macbook-air-15-inch-m4-non-ai-mar25-midnight-pdp-image-position-1-vn-vi.png
,505,,https://cdn.hoanghamobile.com/i/previewV2/Uploads/2025/03/06/macbook-air-15-inch-m4-non-ai-mar25-silver-pdp-image-position-1-vn-vi.png
,506,,https://cdn.hoanghamobile.com/i/previewV2/Uploads/2025/03/06/macbook-air-15-inch-m4-non-ai-mar25-sky-blue-pdp-image-position-1-vn-vi.png
,506,,https://cdn.hoanghamobile.com/i/previewV2/Uploads/2025/03/06/macbook-air-15-inch-m4-non-ai-mar25-starlight-pdp-image-position-1-vn-vi.png
,506,,https://cdn.hoanghamobile.com/i/previewV2/Uploads/2025/03/06/macbook-air-15-inch-m4-non-ai-mar25-midnight-pdp-image-position-1-vn-vi.png
,506,,https://cdn.hoanghamobile.com/i/previewV2/Uploads/2025/03/06/macbook-air-15-inch-m4-non-ai-mar25-silver-pdp-image-position-1-vn-vi.png
,507,,https://cdn.hoanghamobile.com/i/previewV2/Uploads/2025/03/06/mac-studio-m3-ultra-m4-non-ai-mar25-pdp-image-position-1-vn-vi.png
,508,,https://cdn.hoanghamobile.com/i/previewV2/Uploads/2025/03/06/mac-studio-m3-ultra-m4-non-ai-mar25-pdp-image-position-1-vn-vi.png
,509,,https://cdn.hoanghamobile.com/i/previewV2/Uploads/2025/03/06/mac-studio-m3-ultra-m4-non-ai-mar25-pdp-image-position-1-vn-vi.png
,510,,https://cdn.hoanghamobile.com/i/previewV2/Uploads/2024/11/16/mac-m1-ghi-1.png
,511,,https://cdn.hoanghamobile.com/i/previewV2/Uploads/2024/11/04/mac-mini-m4-1.png
,512,,https://cdn.hoanghamobile.com/i/previewV2/Uploads/2024/11/18/air-m3-13-inch-starlight-1.png
,512,,https://cdn.hoanghamobile.com/i/previewV2/Uploads/2024/11/18/air-m3-13-inch-space-gray-1.png
,512,,https://cdn.hoanghamobile.com/i/previewV2/Uploads/2024/11/18/air-m3-13-inch-sliver-1.png
,512,,https://cdn.hoanghamobile.com/i/previewV2/Uploads/2024/11/18/air-m3-13-inch-midnight-1.png
,513,,https://cdn.hoanghamobile.com/i/previewV2/Uploads/2024/11/04/imac-m4-xanh-duong-10cpu-1.png
,513,,https://cdn.hoanghamobile.com/i/previewV2/Uploads/2024/11/04/imac-m4-hong-10cpu-1.png
,513,,https://cdn.hoanghamobile.com/i/previewV2/Uploads/2024/11/04/imac-m4-xanh-la-10cpu-1.png
,513,,https://cdn.hoanghamobile.com/i/previewV2/Uploads/2024/11/04/imac-m4-bac-10cpu-1.png
,514,,https://cdn.hoanghamobile.com/i/previewV2/Uploads/2024/11/04/mac-mini-pro-m4-1.png
,515,,https://cdn.hoanghamobile.com/i/previewV2/Uploads/2024/11/04/mac-mini-m4-1.png
,516,,https://cdn.hoanghamobile.com/i/previewV2/Uploads/2024/11/05/macbook-pro-m4-14-inch-bac-1.png
,516,,https://cdn.hoanghamobile.com/i/previewV2/Uploads/2024/11/05/macbook-pro-m4-14-inch-den-1.png
,517,,https://cdn.hoanghamobile.com/i/previewV2/Uploads/2024/11/05/macbook-pro-m4-14-inch-bac-1.png
,517,,https://cdn.hoanghamobile.com/i/previewV2/Uploads/2024/11/05/macbook-pro-m4-14-inch-den-1.png
,518,,https://cdn.hoanghamobile.com/i/previewV2/Uploads/2024/11/05/macbook-pro-14-inch-m4-pro-bac-1.png
,518,,https://cdn.hoanghamobile.com/i/previewV2/Uploads/2024/11/05/macbook-pro-14-inch-m4-pro-den-1.png
,519,,https://cdn.hoanghamobile.com/i/previewV2/Uploads/2024/11/05/macbook-pro-14-inch-m4-max-bac-1.png
,519,,https://cdn.hoanghamobile.com/i/previewV2/Uploads/2024/11/05/macbook-pro-14-inch-m4-max-den-1.png
,520,,https://cdn.hoanghamobile.com/i/previewV2/Uploads/2024/11/05/macbook-pro-16-inch-m4-pro-bac-1.png
,520,,https://cdn.hoanghamobile.com/i/previewV2/Uploads/2024/11/05/macbook-pro-16-inch-m4-pro-den-1.png
,521,,https://cdn.hoanghamobile.com/i/previewV2/Uploads/2024/11/05/macbook-pro-16-inch-m4-max-bac-1.png
,521,,https://cdn.hoanghamobile.com/i/previewV2/Uploads/2024/11/05/macbook-pro-16-inch-m4-max-den-1.png
,522,,https://cdn.hoanghamobile.com/i/previewV2/Uploads/2024/11/05/macbook-pro-16-inch-m4-pro-bac-1.png
,522,,https://cdn.hoanghamobile.com/i/previewV2/Uploads/2024/11/05/macbook-pro-16-inch-m4-pro-den-1.png
,523,,https://cdn.hoanghamobile.com/i/previewV2/Uploads/2024/11/18/air-m3-15-inch-starlight-1.png
,523,,https://cdn.hoanghamobile.com/i/previewV2/Uploads/2024/11/18/air-m3-15-inch-sliver-1.png
,523,,https://cdn.hoanghamobile.com/i/previewV2/Uploads/2024/11/18/air-m3-15-inch-space-gray-1.png
,523,,https://cdn.hoanghamobile.com/i/previewV2/Uploads/2024/11/18/air-m3-15-inch-midnight-1.png
,524,,https://cdn.hoanghamobile.com/i/previewV2/Uploads/2024/11/04/imac-m4-xanh-duong-10cpu-1.png
,524,,https://cdn.hoanghamobile.com/i/previewV2/Uploads/2024/11/04/imac-m4-hong-10cpu-1.png
,524,,https://cdn.hoanghamobile.com/i/previewV2/Uploads/2024/11/04/imac-m4-xanh-la-10cpu-1.png
,524,,https://cdn.hoanghamobile.com/i/previewV2/Uploads/2024/11/04/imac-m4-bac-10cpu-1.png
,525,,https://cdn.hoanghamobile.com/i/previewV2/Uploads/2024/11/04/imac-m4-xanh-duong-8cpu-1.png
,525,,https://cdn.hoanghamobile.com/i/previewV2/Uploads/2024/11/04/imac-m4-hong-8cpu-1.png
,525,,https://cdn.hoanghamobile.com/i/previewV2/Uploads/2024/11/04/imac-m4-xanh-la-8cpu-1.png
,525,,https://cdn.hoanghamobile.com/i/previewV2/Uploads/2024/11/04/imac-m4-bac-8cpu-1.png
,526,,https://cdn.hoanghamobile.com/i/previewV2/Uploads/2024/11/04/mac-mini-m4-1.png
,527,,https://cdn.hoanghamobile.com/i/previewV2/Uploads/2024/09/21/macbook-m2-xanh-den-1.png
,527,,https://cdn.hoanghamobile.com/i/previewV2/Uploads/2024/09/21/macbook-m2-vang-1.png
,527,,https://cdn.hoanghamobile.com/i/previewV2/Uploads/2024/09/21/macbook-m2-bac-1.png
,527,,https://cdn.hoanghamobile.com/i/previewV2/Uploads/2024/09/21/macbook-m2-xam-1.png
,528,,https://cdn.hoanghamobile.com/i/previewV2/Uploads/2024/11/18/air-m3-13-inch-starlight-1.png
,528,,https://cdn.hoanghamobile.com/i/previewV2/Uploads/2024/11/18/air-m3-13-inch-sliver-1.png
,528,,https://cdn.hoanghamobile.com/i/previewV2/Uploads/2024/11/18/air-m3-13-inch-space-gray-1.png
,528,,https://cdn.hoanghamobile.com/i/previewV2/Uploads/2024/11/18/air-m3-13-inch-midnight-1.png
,529,,https://cdn.hoanghamobile.com/i/previewV2/Uploads/2021/04/23/pink.png
,529,,https://cdn.hoanghamobile.com/i/previewV2/Uploads/2021/04/23/green.png
,530,,https://cdn.hoanghamobile.com/i/previewV2/Uploads/2025/01/06/macbook-air-m3-vang-1.png
,530,,https://cdn.hoanghamobile.com/i/previewV2/Uploads/2024/11/18/air-m3-13-inch-sliver-1.png
,530,,https://cdn.hoanghamobile.com/i/previewV2/Uploads/2024/11/18/air-m3-13-inch-midnight-1.png
,530,,https://cdn.hoanghamobile.com/i/previewV2/Uploads/2024/11/18/air-m3-13-inch-space-gray-1.png
,531,,https://cdn.hoanghamobile.com/i/previewV2/Uploads/2024/11/18/air-m3-15-inch-starlight-1.png
,531,,https://cdn.hoanghamobile.com/i/previewV2/Uploads/2024/11/18/air-m3-15-inch-space-gray-1.png
,531,,https://cdn.hoanghamobile.com/i/previewV2/Uploads/2024/11/18/air-m3-15-inch-sliver-1.png
,531,,https://cdn.hoanghamobile.com/i/previewV2/Uploads/2024/11/18/air-m3-15-inch-midnight-1.png
,532,,https://cdn.hoanghamobile.com/i/previewV2/Uploads/2024/11/18/air-m3-13-inch-starlight-1.png
,532,,https://cdn.hoanghamobile.com/i/previewV2/Uploads/2024/11/18/air-m3-13-inch-space-gray-1.png
,532,,https://cdn.hoanghamobile.com/i/previewV2/Uploads/2024/11/18/air-m3-13-inch-sliver-1.png
,532,,https://cdn.hoanghamobile.com/i/previewV2/Uploads/2024/11/18/air-m3-13-inch-midnight-1.png
,533,,https://cdn.hoanghamobile.com/i/previewV2/Uploads/2024/09/21/macbook-m2-vang-1.png
,533,,https://cdn.hoanghamobile.com/i/previewV2/Uploads/2024/09/21/macbook-m2-bac-1.png
,533,,https://cdn.hoanghamobile.com/i/previewV2/Uploads/2024/09/21/macbook-m2-xam-1.png
,533,,https://cdn.hoanghamobile.com/i/previewV2/Uploads/2024/09/21/macbook-m2-xanh-den-1.png
,534,,https://cdn.hoanghamobile.com/i/preview-np-V2/Uploads/ImageHightlight/4729_laptop-msi-modern-15-b13m-438vn/artboard-1.png
,535,,https://cdn.hoanghamobile.com/i/preview-np-V2/Uploads/ImageHightlight/3875_laptop-msi-modern-14-c7m-221vn-chinh-hang/artboard-1.png
,536,,https://cdn.hoanghamobile.com/i/preview-np-V2/Uploads/ImageHightlight/3496_laptop-gaming-msi-cyborg-15-a12vf-267vn-chinh-hang/artboard-1.png
,537,,https://cdn.hoanghamobile.com/i/preview-np-V2/Uploads/ImageHightlight/4144_laptop-msi-katana-15-b13vfk-676vn-chinh-hang/artboard-1.png
,538,,https://cdn.hoanghamobile.com/i/preview-np-V2/Uploads/ImageHightlight/4187_laptop-msi-modern-15-b12mo-625vn-chinh-hang/artboard-1.png
,539,,https://cdn.hoanghamobile.com/i/preview-np-V2/Uploads/ImageHightlight/4728_laptop-msi-modern-14-c13m-608vn/artboard-1.png
,540,,https://cdn.hoanghamobile.com/i/previewV2/Uploads/2024/11/07/a13udx-099vn-1.jpg
,541,,https://cdn.hoanghamobile.com/i/previewV2/Uploads/2024/11/07/a11m-099vn-1.jpg
,542,,https://cdn.hoanghamobile.com/i/preview-np-V2/Uploads/ImageHightlight/5961_laptop-msi-modern-14-c12mo-660vn/artboard-1.png
,543,,https://cdn.hoanghamobile.com/i/preview-np-V2/Uploads/ImageHightlight/3876_laptop-msi-modern-14-c7m-220vn-chinh-hang/artboard-1.png
,544,,https://cdn.hoanghamobile.com/i/previewV2/Uploads/2024/11/07/c13m-216vn-1.png
,545,,https://cdn.hoanghamobile.com/i/preview-np-V2/Uploads/ImageHightlight/5030_msi-creator-16-ai-studio-a1vig-078vn/artboard-1.png
,546,,https://cdn.hoanghamobile.com/i/previewV2/Uploads/2024/04/17/laptop-gaming-msi-bravo-15-c7vfk-275vn-r7-7735hs-8cfa10969f4a481a9defec37c5ab639e.png
,547,,https://cdn.hoanghamobile.com/i/previewV2/Uploads/2024/02/28/msi-cyborg-15-ai-a1v.png
,548,,https://cdn.hoanghamobile.com/i/preview-np-V2/Uploads/ImageHightlight/3877_laptop-gaming-msi-gf63-12ucx-841vn-chinh-hang/artboard-1.png
,549,,https://cdn.hoanghamobile.com/i/previewV2/Uploads/2023/10/24/a12ve-240vn-1.png
,550,,https://cdn.hoanghamobile.com/i/previewV2/Uploads/2023/10/06/010vn-1.png
,551,,https://cdn.hoanghamobile.com/i/previewV2/Uploads/2023/04/20/gf63-thin-11uc-11ud-1.png
,552,,https://cdn.hoanghamobile.com/i/previewV2/Uploads/2023/03/14/c13m-458vn-1.png
,553,,https://cdn.hoanghamobile.com/i/preview-np-V2/Uploads/ImageHightlight/4511_laptop-gaming-msi-thin-15-b13uc-1411vn/artboard-1.png
,554,,https://cdn.hoanghamobile.com/i/preview-np-V2/Uploads/ImageHightlight/4510_laptop-gaming-msi-thin-15-b12ucx-1419vn/artboard-1.png
,555,,https://cdn.hoanghamobile.com/i/previewV2/Uploads/2024/02/19/msi-gaming-cyborg-15-a12u.png
,556,,https://cdn.hoanghamobile.com/i/previewV2/Uploads/2023/08/17/b12mo-628vn-1.png
,557,,https://cdn.hoanghamobile.com/i/previewV2/Uploads/2023/07/31/e1404fa-1.png
,558,,https://cdn.hoanghamobile.com/i/previewV2/Uploads/2025/01/07/s5406sa-pp059ws-1.png
,559,,https://cdn.hoanghamobile.com/i/previewV2/Uploads/2023/08/17/a1405va-km095w-1.png
,560,,https://cdn.hoanghamobile.com/i/preview-np-V2/Uploads/ImageHightlight/6467_laptop-asus-vivobook-14-a1407ca-ly008ws/a1407ca-ly008ws-1.jpg
,561,,https://cdn.hoanghamobile.com/i/previewV2/Uploads/2025/01/07/s5406sa-pp059ws-1_638718667728679546.png
,562,,https://cdn.hoanghamobile.com/i/previewV2/Uploads/2024/06/04/asus-vivobook-a1405va-km257w-1.png
,563,,https://cdn.hoanghamobile.com/i/previewV2/Uploads/2025/02/20/p1403cva-i508-50w-1.jpg
,564,,https://cdn.hoanghamobile.com/i/preview-np-V2/Uploads/ImageHightlight/6565_laptop-asus-zenbook-14-um3406ka-pp555ws/um3406ka-pp555ws-1.jpg
,565,,https://cdn.hoanghamobile.com/i/preview-np-V2/Uploads/ImageHightlight/6566_laptop-asus-zenbook-a14-ux3407qa-qd299ws/ux3407qa-qd299ws.jpg
,566,,https://cdn.hoanghamobile.com/i/previewV2/Uploads/2024/04/05/vivobook-s-14-flip-tp3402v-refresh-product-photo-2s-cool-silver-05-2400x2400.png
,567,,https://cdn.hoanghamobile.com/i/preview-np-V2/Uploads/ImageHightlight/5036_laptop-asus-gaming-vivobook-16x-k3605zu-rp296w/artboard-2.png
,568,,https://cdn.hoanghamobile.com/i/preview-np-V2/Uploads/ImageHightlight/5912_laptop-asus-tuf-gaming-a15-fa506nfr-hn075w/artboard-1.png
,569,,https://cdn.hoanghamobile.com/i/preview-np-V2/Uploads/ImageHightlight/5913_laptop-asus-tuf-gaming-a15-fa507nur-lp101w/artboard-1.png
,570,,https://cdn.hoanghamobile.com/i/previewV2/Uploads/2024/01/19/asus-vivobook-14x-oled-k3405-silver-1.png
,571,,https://cdn.hoanghamobile.com/i/preview-np-V2/Uploads/ImageHightlight/5968_laptop-asus-tuf-gaming-fa506nfr-hn006w/artboard-1.png
,572,,https://cdn.hoanghamobile.com/i/preview-np-V2/Uploads/ImageHightlight/5917_laptop-asus-tuf-gaming-a15-fa507nv-lp061w/artboard-1.png
,573,,https://cdn.hoanghamobile.com/i/preview-np-V2/Uploads/ImageHightlight/5915_laptop-asus-tuf-gaming-f15-fx507vu-lp315w/artboard-1.png
,574,,https://cdn.hoanghamobile.com/i/preview-np-V2/Uploads/ImageHightlight/5911_laptop-asus-vivobook-15-oled-a1505va-ma492w/artboard-1.png
,575,,https://cdn.hoanghamobile.com/i/preview-np-V2/Uploads/ImageHightlight/5559_laptop-asus-x515ma-br481w/artboard-1.png
,576,,https://cdn.hoanghamobile.com/i/preview-np-V2/Uploads/ImageHightlight/5558_laptop-asus-x515ma-br480w/artboard-1.png
,577,,https://cdn.hoanghamobile.com/i/preview-np-V2/Uploads/ImageHightlight/5919_laptop-asus-tuf-gaming-f15-fx507vv-lp304w/artboard-1.png
,578,,https://cdn.hoanghamobile.com/i/preview-np-V2/Uploads/ImageHightlight/5907_laptop-asus-vivobook-15-oled-a1505va-ma468w/artboard-1.png
,579,,https://cdn.hoanghamobile.com/i/preview-np-V2/Uploads/ImageHightlight/6001_laptop-asus-expertbook-b1-b1402cba-nk3507/artboard-1.png
,580,,https://cdn.hoanghamobile.com/i/preview-np-V2/Uploads/ImageHightlight/6015_asus-expertbook-b1-b1402cva-nk1280/artboard-1.png
,581,,https://cdn.hoanghamobile.com/i/preview-np-V2/Uploads/ImageHightlight/4992_asus-gaming-tuf-fx507zc4-hn095w/artboard-1.png
,582,,https://cdn.hoanghamobile.com/i/previewV2/Uploads/2024/02/16/asus-vivobook-14x-oled-s3405-k3405-black-1.png
,583,,https://cdn.hoanghamobile.com/i/previewV2/Uploads/2024/02/16/asus-vivobook-15x-oled-m3504-black-1.png
,584,,https://cdn.hoanghamobile.com/i/previewV2/Uploads/2024/02/01/asus-vivobook-14-oled-m1405-silver-1.png
,585,,https://cdn.hoanghamobile.com/i/previewV2/Uploads/2023/12/22/km203w-1.png
,586,,https://cdn.hoanghamobile.com/i/previewV2/Uploads/2023/11/16/nk300w-1.png
,587,,https://cdn.hoanghamobile.com/i/previewV2/Uploads/2023/10/27/vivobook-16-x1605v-product-photo-1s-cool-silver-black-keyboard-05-non-backlit-blackkeyboard.png
,588,,https://cdn.hoanghamobile.com/i/previewV2/Uploads/2024/04/20/asus-vivobook-14-x1404za-nk389w-4.png
,589,,https://cdn.hoanghamobile.com/i/previewV2/Uploads/2024/04/05/vivobook-15-oled-x1505v-product-photo-1s-cool-silver-black-keyboard-05-2.png
,590,,https://cdn.hoanghamobile.com/i/previewV2/Uploads/2024/04/18/asus-vivobook-go-14-e1404f-black-1.png
,591,,https://cdn.hoanghamobile.com/i/previewV2/Uploads/2024/03/08/asus-vivobook-15-x1504-silver.png
,592,,https://cdn.hoanghamobile.com/i/preview-np-V2/Uploads/ImageHightlight/5013_asus-vivobook-s15-s5507qa-ma089ws/artboard-1.png
,593,,https://cdn.hoanghamobile.com/i/previewV2/Uploads/2024/04/20/lp197w-9.png
,594,,https://cdn.hoanghamobile.com/i/previewV2/Uploads/2024/04/05/02-fx506p-l.png
,595,,https://cdn.hoanghamobile.com/i/previewV2/Uploads/2024/01/19/asus-tuf-gaming-a15-2023-fa507-jaeger-gray-1.png
,596,,https://cdn.hoanghamobile.com/i/previewV2/Uploads/2023/12/22/lp157w-1.png
,597,,https://cdn.hoanghamobile.com/i/previewV2/Uploads/2023/12/22/fx506hf-1.png
,598,,https://cdn.hoanghamobile.com/i/previewV2/Uploads/2023/11/27/fx507zu4-lp040w-1.png
,599,,https://cdn.hoanghamobile.com/i/previewV2/Uploads/2023/10/03/hn099w-1.png
,600,,https://cdn.hoanghamobile.com/i/previewV2/Uploads/2023/09/29/fx507zv4-lp042w-1.png
,601,,https://cdn.hoanghamobile.com/i/previewV2/Uploads/2023/08/25/hn074w-1.png
,602,,https://cdn.hoanghamobile.com/i/previewV2/Uploads/2023/08/09/03-fx506p-l.png
,603,,https://cdn.hoanghamobile.com/i/previewV2/Uploads/2022/08/06/image-removebg-preview-12.png
,604,,https://cdn.hoanghamobile.com/i/previewV2/Uploads/2022/07/18/image-removebg-preview_637937339556829180.png
,605,,https://cdn.hoanghamobile.com/i/previewV2/Uploads/2024/03/07/2021-asus-tuf-gaming-a15-fx506h.png
,606,,https://cdn.hoanghamobile.com/i/previewV2/Uploads/2024/04/20/laptop-asus-vivobook-m1605ya-mb303w-chinh-hang-10.png
,607,,https://cdn.hoanghamobile.com/i/previewV2/Uploads/2023/10/12/x1504za-nj582w-1.png
,608,,https://cdn.hoanghamobile.com/i/preview-np-V2/Uploads/ImageHightlight/5038_laptop-asus-expertbook-b1-b1402cva-nk0062w/artboard-1.png
,609,,https://cdn.hoanghamobile.com/i/preview-np-V2/Uploads/ImageHightlight/4993_asus-gaming-tuf-fx507vu-lp198w/artboard-1.png
,610,,https://cdn.hoanghamobile.com/i/preview-np-V2/Uploads/ImageHightlight/4694_laptop-asus-zenbook-s-13-oled-ux5304ma-nq117w/artboard-1.png
,611,,https://cdn.hoanghamobile.com/i/preview-np-V2/Uploads/ImageHightlight/4586_laptop-asus-vivobook-pro-m3500qc-l1105t/artboard-1.png
,612,,https://cdn.hoanghamobile.com/i/preview-np-V2/Uploads/ImageHightlight/4572_may-tinh-xach-tay-vivobook-asus-a1403za-ly153w/artboard-1.png
,613,,https://cdn.hoanghamobile.com/i/preview-np-V2/Uploads/ImageHightlight/4569_may-tinh-xach-tay-asus-vivobook-pro-15-oled-a1505va-l1386w/artboard-1.png
,614,,https://cdn.hoanghamobile.com/i/preview-np-V2/Uploads/ImageHightlight/4566_may-tinh-xach-tay-asus-vivobook-a515ea-bq1532t/artboard-2.png
,615,,https://cdn.hoanghamobile.com/i/preview-np-V2/Uploads/ImageHightlight/4564_may-tinh-xach-tay-asus-e210ma-gj353t/artboard-1.png
,616,,https://cdn.hoanghamobile.com/i/preview-np-V2/Uploads/ImageHightlight/4563_may-tinh-xach-tay-asus-vivobook-pro-14-oled-m3401qa-km025t/artboard-1.png
,617,,https://cdn.hoanghamobile.com/i/preview-np-V2/Uploads/ImageHightlight/4562_may-tinh-xach-tay-asus-vivobook-pro-14-oled-m3401qa-km040t/artboard-1.png
,618,,https://cdn.hoanghamobile.com/i/preview-np-V2/Uploads/ImageHightlight/4561_may-tinh-xach-tay-asus-vivobook-pro-14-oled-m3401qa-km040w/artboard-1.png
,619,,https://cdn.hoanghamobile.com/i/preview-np-V2/Uploads/ImageHightlight/4559_may-tinh-xach-tay-asus-vivobook-pro-15-oled-m3500qc-l1327w/artboard-1.png
,620,,https://cdn.hoanghamobile.com/i/preview-np-V2/Uploads/ImageHightlight/4558_may-tinh-xach-tay-asus-vivobook-pro-15-oled-m3500qc-l1388w/artboard-1.png
,621,,https://cdn.hoanghamobile.com/i/preview-np-V2/Uploads/ImageHightlight/4557_may-tinh-xach-tay-asus-vivobook-flip-14-tm420ua-ec022t/artboard-1.png
,622,,https://cdn.hoanghamobile.com/i/preview-np-V2/Uploads/ImageHightlight/4555_may-tinh-xach-tay-asus-zenbook-14x-oled-um5401qa-kn053w/artboard-1.png
,623,,https://cdn.hoanghamobile.com/i/preview-np-V2/Uploads/ImageHightlight/4554_may-tinh-xach-tay-asus-zenbook-14x-oled-um5401qa-kn209w/artboard-1.png
,624,,https://cdn.hoanghamobile.com/i/preview-np-V2/Uploads/ImageHightlight/4402_laptop-asus-expertbook-b1-b1502cb-b1502cba-nj1137w/artboard-1.png
,625,,https://cdn.hoanghamobile.com/i/previewV2/Uploads/2024/05/10/asus-vivobook-s15-s5406ma-pp136w.png
,626,,https://cdn.hoanghamobile.com/i/previewV2/Uploads/2024/04/12/asus-zenbook-duo-2024-ux8406-1.png
,627,,https://cdn.hoanghamobile.com/i/previewV2/Uploads/2024/04/12/asus-zenbook-duo-2024-ux8406-1.png
,628,,https://cdn.hoanghamobile.com/i/previewV2/Uploads/2024/01/18/asus-zenbook-14-oled-ux3405-blue-1.png
,629,,https://cdn.hoanghamobile.com/i/previewV2/Uploads/2024/01/31/hn729w-1.png
,630,,https://cdn.hoanghamobile.com/i/previewV2/Uploads/2024/01/18/asus-zenbook-14-oled-ux3405-silver-1.png
,631,,https://cdn.hoanghamobile.com/i/previewV2/Uploads/2023/10/16/km085w-1.png
,632,,https://cdn.hoanghamobile.com/i/previewV2/Uploads/2023/10/12/x1404va-nk125w-1.png
,633,,https://cdn.hoanghamobile.com/i/previewV2/Uploads/2023/08/17/a1505va-l1114w-1.png
,634,,https://cdn.hoanghamobile.com/i/previewV2/Uploads/2023/08/18/l1201w-1.png
,635,,https://cdn.hoanghamobile.com/i/previewV2/Uploads/2023/07/31/s3504va-1.png
,636,,https://cdn.hoanghamobile.com/i/previewV2/Uploads/2023/07/31/ek2043w-1.png
,637,,https://cdn.hoanghamobile.com/i/previewV2/Uploads/2023/03/15/hn086w-1.png
,638,,https://cdn.hoanghamobile.com/i/previewV2/Uploads/2023/03/15/nm779w-1.png
,639,,https://cdn.hoanghamobile.com/i/previewV2/Uploads/2023/03/15/n6063w-1.png
,640,,https://cdn.hoanghamobile.com/i/previewV2/Uploads/2023/02/20/image-removebg-preview-12.png
,641,,https://cdn.hoanghamobile.com/i/previewV2/Uploads/2023/02/17/g513rm-hq055w-1.png
,642,,https://cdn.hoanghamobile.com/i/previewV2/Uploads/2022/10/24/image-removebg-preview-84.png
,643,,https://cdn.hoanghamobile.com/i/previewV2/Uploads/2022/10/24/image-removebg-preview-80.png
,644,,https://cdn.hoanghamobile.com/i/previewV2/Uploads/2022/10/24/image-removebg-preview-75.png
,645,,https://cdn.hoanghamobile.com/i/previewV2/Uploads/2022/10/24/image-removebg-preview-68.png
,646,,https://cdn.hoanghamobile.com/i/previewV2/Uploads/2022/08/10/image-removebg-preview-3_637957422088528878.png
,647,,https://cdn.hoanghamobile.com/i/previewV2/Uploads/2022/08/02/image-removebg-preview-10.png
,648,,https://cdn.hoanghamobile.com/i/previewV2/Uploads/2022/07/25/image-removebg-preview-10.png
,649,,https://cdn.hoanghamobile.com/i/previewV2/Uploads/2022/07/18/image-removebg-preview-4_637937504590285666.png
,650,,https://cdn.hoanghamobile.com/i/previewV2/Uploads/2022/07/05/asus-vivobook-14x-a1403za-km161w-1.png
,651,,https://cdn.hoanghamobile.com/i/previewV2/Uploads/2022/07/05/gaming-tuf-dash-f15-fx517ze-hn045w-1.png
,652,,https://cdn.hoanghamobile.com/i/previewV2/Uploads/2022/05/05/eb1750w-6.png
,653,,https://cdn.hoanghamobile.com/i/preview-np-V2/Uploads/ImageHightlight/4565_may-tinh-xach-tay-asus-vivobook-d415da-ek852t/artboard-1.png
,654,,https://cdn.hoanghamobile.com/i/preview-np-V2/Uploads/ImageHightlight/5033_laptop-asus-vivobook-14-x1404za-nk386w/55819-laptop-asus-vivobook-14-x1404za-nk386w-thumb.jpg
,655,,https://cdn.hoanghamobile.com/i/previewV2/Uploads/2023/10/13/tn3402ya-lz192w-1.png
,656,,https://cdn.hoanghamobile.com/i/previewV2/Uploads/2022/11/04/image-removebg-preview-32.png
,657,,https://cdn.hoanghamobile.com/i/preview-np-V2/Uploads/ImageHightlight/5037_laptop-asus-vivobook-15-x1504za-nj517w/artboard-1.png
,658,,https://cdn.hoanghamobile.com/i/previewV2/Uploads/2023/07/31/x1504va-1_638264189418692393.png
,659,,https://cdn.hoanghamobile.com/i/preview-np-V2/Uploads/ImageHightlight/4693_laptop-asus-vivobook-15-oled-a1505va-ma469w/artboard-1.png
,660,,https://cdn.hoanghamobile.com/i/preview-np-V2/Uploads/ImageHightlight/4401_laptop-asus-vivobook-s16-oled-s5606ma-mx051w/artboard-1.png
,661,,https://cdn.hoanghamobile.com/i/previewV2/Uploads/2024/01/18/asus-zenbook-14-oled-ux3405-blue-1.png
,662,,https://cdn.hoanghamobile.com/i/previewV2/Uploads/2022/05/05/ec181w-3.png
,663,,https://cdn.hoanghamobile.com/i/previewV2/Uploads/2024/01/18/asus-zenbook-14-oled-ux3405-blue-1.png
,664,,https://cdn.hoanghamobile.com/i/preview-np-V2/Uploads/ImageHightlight/4991_asus-gaming-vivobook-k3605zf-rp634w/artboard-1.png
,665,,https://cdn.hoanghamobile.com/i/preview-np-V2/Uploads/ImageHightlight/5035_laptop-asus-gaming-vivobook-16x-k3605zc-rp564w/artboard-2.png
,666,,https://cdn.hoanghamobile.com/i/preview-np-V2/Uploads/ImageHightlight/4567_may-tinh-xach-tay-asus-vivobook-a515ea-bq1530w/artboard-2.png
,667,,https://cdn.hoanghamobile.com/i/preview-np-V2/Uploads/ImageHightlight/5906_laptop-asus-vivobook-go-15-e1504fa-nj454w/nj454w.png
,668,,https://cdn.hoanghamobile.com/i/preview-np-V2/Uploads/ImageHightlight/5908_laptop-asus-vivobook-14-oled-a1405za-km264w/a1405za-km264w-1.png
,669,,https://cdn.hoanghamobile.com/i/previewV2/Uploads/2025/02/20/n5i5057w1-2.png
,670,,https://cdn.hoanghamobile.com/i/previewV2/Uploads/2025/02/20/n5i7305w1-1.png
,671,,https://cdn.hoanghamobile.com/i/preview-np-V2/Uploads/ImageHightlight/6048_laptop-dell-inspiron-3520-25p2311/artboard-1.png
,672,,https://cdn.hoanghamobile.com/i/previewV2/Uploads/2024/11/06/dell-71047019-1.jpg
,673,,https://cdn.hoanghamobile.com/i/previewV2/Uploads/2024/10/17/71045030-1.png
,674,,https://cdn.hoanghamobile.com/i/previewV2/Uploads/2024/10/17/71034921-1.png
,675,,https://cdn.hoanghamobile.com/i/previewV2/Uploads/2024/10/17/71034922-2.png
,676,,https://cdn.hoanghamobile.com/i/preview-np-V2/Uploads/ImageHightlight/6047_laptop-dell-inspiron-15-3520-25p2312/artboard-1.png
,677,,https://cdn.hoanghamobile.com/i/preview-np-V2/Uploads/ImageHightlight/5562_dell-inspiron-15-3520-71043874/artboard-1.png
,678,,https://cdn.hoanghamobile.com/i/preview-np-V2/Uploads/ImageHightlight/5561_dell-inspiron-3530-71043888/artboard-1.png
,679,,https://cdn.hoanghamobile.com/i/preview-np-V2/Uploads/ImageHightlight/5565_dell-inspiron-3530-71043884/artboard-1.png
,680,,https://cdn.hoanghamobile.com/i/previewV2/Uploads/2024/11/06/dell-71047018-1.jpg
,681,,https://cdn.hoanghamobile.com/i/preview-np-V2/Uploads/ImageHightlight/5564_dell-inspiron-3530-71043885/artboard-1.png
,682,,https://cdn.hoanghamobile.com/i/preview-np-V2/Uploads/ImageHightlight/5563_dell-inspiron-3530-71043887/artboard-1.png
,683,,https://cdn.hoanghamobile.com/i/previewV2/Uploads/2024/11/06/dell-latitude-15-3540-9950b79986.png
,684,,https://cdn.hoanghamobile.com/i/previewV2/Uploads/2024/10/17/71049019-1.png
,685,,https://cdn.hoanghamobile.com/i/preview-np-V2/Uploads/ImageHightlight/5566_dell-inspiron-3520-71045026/artboard-1.png
,686,,https://cdn.hoanghamobile.com/i/previewV2/Uploads/2024/04/25/a.png
,687,,https://cdn.hoanghamobile.com/i/preview-np-V2/Uploads/ImageHightlight/4451_laptop-dell-inspiron-16-5640-n6i7512w1/artboard-1.png
,688,,https://cdn.hoanghamobile.com/i/preview-np-V2/Uploads/ImageHightlight/4450_laptop-dell-inspiron-16-5640-n6i5419w1/artboard-1.png
,689,,https://cdn.hoanghamobile.com/i/preview-np-V2/Uploads/ImageHightlight/4448_laptop-dell-inspiron-14-5440-n4i5211w1/artboard-1.png
,690,,https://cdn.hoanghamobile.com/i/preview-np-V2/Uploads/ImageHightlight/4428_laptop-dell-inspiron-16-5640-71035923/artboard-1.png
,691,,https://cdn.hoanghamobile.com/i/preview-np-V2/Uploads/ImageHightlight/4427_laptop-dell-inspiron-14-5440-71034770/artboard-1.png
,692,,https://cdn.hoanghamobile.com/i/preview-np-V2/Uploads/ImageHightlight/4426_laptop-dell-inspiron-14-5440-71034769/artboard-1.png
,693,,https://cdn.hoanghamobile.com/i/previewV2/Uploads/2024/03/19/dell-inspiron-15-3530-black.png
,694,,https://cdn.hoanghamobile.com/i/previewV2/Uploads/2024/02/19/dell-inspiron-14-7430-silver-1.png
,695,,https://cdn.hoanghamobile.com/i/previewV2/Uploads/2024/02/19/dell-inspiron-14-5430-silver-1.png
,696,,https://cdn.hoanghamobile.com/i/previewV2/Uploads/2024/02/19/dell-inspiron-16-5630-silver-1.png
,697,,https://cdn.hoanghamobile.com/i/previewV2/Uploads/2024/02/17/dell-inspiron-15-3530-silver-1.png
,698,,https://cdn.hoanghamobile.com/i/previewV2/Uploads/2024/02/17/dell-inspiron-15-3530-black-1.png
,699,,https://cdn.hoanghamobile.com/i/previewV2/Uploads/2024/01/26/n5i5011w1-1.png
,700,,https://cdn.hoanghamobile.com/i/previewV2/Uploads/2024/01/17/dell-vostro-14-1430-1.png
,701,,https://cdn.hoanghamobile.com/i/previewV2/Uploads/2024/01/17/dell-vostro-14-1430-1.png
,702,,https://cdn.hoanghamobile.com/i/previewV2/Uploads/2023/10/26/71014840-1.png
,703,,https://cdn.hoanghamobile.com/i/previewV2/Uploads/2023/04/17/71003903-1.png
,704,,https://cdn.hoanghamobile.com/i/previewV2/Uploads/2022/11/09/image-removebg-preview-58.png
,705,,https://cdn.hoanghamobile.com/i/previewV2/Uploads/2022/08/29/image-removebg-preview-8.png
,706,,https://cdn.hoanghamobile.com/i/previewV2/Uploads/2024/04/16/n5i5791w1-1.png
,707,,https://cdn.hoanghamobile.com/i/preview-np-V2/Uploads/ImageHightlight/4730_laptop-dell-vostro-15-3530-80gg93/artboard-1.png
,708,,https://cdn.hoanghamobile.com/i/previewV2/Uploads/2024/02/19/dell-vostro-15-3530-gray-1.png
,709,,https://cdn.hoanghamobile.com/i/previewV2/Uploads/2024/02/21/dell-vostro-15-3520-black.png
,710,,https://cdn.hoanghamobile.com/i/preview-np-V2/Uploads/ImageHightlight/4449_laptop-dell-inspiron-14-5440-n4i7204w1/artboard-1.png
,711,,https://cdn.hoanghamobile.com/i/previewV2/Uploads/2024/02/17/dell-inspiron-15-3520-black-1.png
,712,,https://cdn.hoanghamobile.com/i/preview-np-V2/Uploads/ImageHightlight/4698_laptop-dell-inspiron-15-3520-n5i5052w1/artboard-1.png
,713,,https://cdn.hoanghamobile.com/i/preview-np-V2/Uploads/ImageHightlight/4697_laptop-dell-inspiron-15-3530-n5i5340w1/artboard-1.png
,714,,https://cdn.hoanghamobile.com/i/preview-np-V2/Uploads/ImageHightlight/5032_laptop-hp-pavilion-15-eg2082tu-7c0q5pa/artboard-1.png
,715,,https://cdn.hoanghamobile.com/i/preview-np-V2/Uploads/ImageHightlight/4989_hp-15-fd0083tu-8d736pa/artboard-1.png
,716,,https://cdn.hoanghamobile.com/i/preview-np-V2/Uploads/ImageHightlight/4984_hp-pavilion-15-eg3092tu-8c5l3pa/artboard-1.png
,717,,https://cdn.hoanghamobile.com/i/previewV2/Uploads/2024/01/31/hp-victus-15-black-1.png
,718,,https://cdn.hoanghamobile.com/i/previewV2/Uploads/2024/01/31/hp-victus-15-black-1.png
,719,,https://cdn.hoanghamobile.com/i/previewV2/Uploads/2024/01/03/7c0p0pa-1.png
,720,,https://cdn.hoanghamobile.com/i/previewV2/Uploads/2023/12/22/hp-pavilion-15-gold-1.png
,721,,https://cdn.hoanghamobile.com/i/previewV2/Uploads/2023/12/22/hp-pavilion-15-gold-1.png
,722,,https://cdn.hoanghamobile.com/i/previewV2/Uploads/2023/12/22/hp-envy-x360-blue-1.png
,723,,https://cdn.hoanghamobile.com/i/previewV2/Uploads/2023/10/26/7c0w2pa-1.png
,724,,https://cdn.hoanghamobile.com/i/previewV2/Uploads/2023/10/26/8d734pa-1.png
,725,,https://cdn.hoanghamobile.com/i/previewV2/Uploads/2023/10/26/8d732pa-1.png
,726,,https://cdn.hoanghamobile.com/i/previewV2/Uploads/2023/10/26/8c5l2pa-1.png
,727,,https://cdn.hoanghamobile.com/i/previewV2/Uploads/2023/10/13/hp-14s-1.png
,728,,https://cdn.hoanghamobile.com/i/previewV2/Uploads/2023/10/13/hp-14s-1.png
,729,,https://cdn.hoanghamobile.com/i/previewV2/Uploads/2023/09/05/7c0s0pa-1.png
,730,,https://cdn.hoanghamobile.com/i/previewV2/Uploads/2023/04/21/14s-1.png
,731,,https://cdn.hoanghamobile.com/i/previewV2/Uploads/2023/03/02/hp-probook-450-g9-1.png
,732,,https://cdn.hoanghamobile.com/i/previewV2/Uploads/2023/02/17/7c0x1pa-1.png
,733,,https://cdn.hoanghamobile.com/i/previewV2/Uploads/2023/02/17/7c0q7pa-1.png
,734,,https://cdn.hoanghamobile.com/i/previewV2/Uploads/2023/01/28/image-removebg-preview-9.png
,735,,https://cdn.hoanghamobile.com/i/previewV2/Uploads/2023/01/07/image-removebg-preview-23.png
,736,,https://cdn.hoanghamobile.com/i/previewV2/Uploads/2023/01/06/image-removebg-preview-25.png
,737,,https://cdn.hoanghamobile.com/i/previewV2/Uploads/2023/01/06/image-removebg-preview-21.png
,738,,https://cdn.hoanghamobile.com/i/previewV2/Uploads/2022/11/09/image-removebg-preview-52.png
,739,,https://cdn.hoanghamobile.com/i/previewV2/Uploads/2022/09/10/image-removebg-preview-3.png
,740,,https://cdn.hoanghamobile.com/i/previewV2/Uploads/2022/08/19/image-removebg-preview-13.png
,741,,
,742,,https://cdn.hoanghamobile.com/i/previewV2/Uploads/2023/10/26/8c5l5pa-1.png
,743,,https://cdn.hoanghamobile.com/i/previewV2/Uploads/2023/10/13/hp-pavilion-15-gold-1.png
,744,,https://cdn.hoanghamobile.com/i/previewV2/Uploads/2023/12/22/hp-victus-15-black-1.png
,745,,https://cdn.hoanghamobile.com/i/preview-np-V2/Uploads/ImageHightlight/4986_hp-pavilion-x360-14-ek2013tu-9z2v4pa/artboard-1.png
,746,,https://cdn.hoanghamobile.com/i/preview-np-V2/Uploads/ImageHightlight/4985_hp-pavilion-x360-14-ek2017tu-9z2v5pa/artboard-1.png
,747,,https://cdn.hoanghamobile.com/i/preview-np-V2/Uploads/ImageHightlight/4983_hp-14-ep1009tu-9z2w2pa/artboard-1.png
,748,,https://cdn.hoanghamobile.com/i/preview-np-V2/Uploads/ImageHightlight/4982_hp-14s-dq5121tu-8w355pa/artboard-1.png
,749,,https://cdn.hoanghamobile.com/i/previewV2/Uploads/2023/12/22/hp-15s-silver-1.png
,750,,https://cdn.hoanghamobile.com/i/previewV2/Uploads/2023/12/22/hp-14s-silver-1.png
,751,,https://cdn.hoanghamobile.com/i/preview-np-V2/Uploads/ImageHightlight/4988_hp-15-fd0237tu-9q972pa/artboard-1.png
,752,,https://cdn.hoanghamobile.com/i/preview-np-V2/Uploads/ImageHightlight/4990_hp-15-fd3035tu-a2nl6pa/artboard-1.png
,753,,https://cdn.hoanghamobile.com/i/previewV2/Uploads/2022/08/22/image-removebg-preview-28.png
,754,,https://cdn.hoanghamobile.com/i/preview-np-V2/Uploads/ImageHightlight/4987_hp-15-fd0235tu-9q970pa/artboard-1.png
,755,,https://cdn.hoanghamobile.com/i/previewV2/Uploads/2023/12/22/hp-15s-silver-1.png
,756,,https://cdn.hoanghamobile.com/i/previewV2/Uploads/2023/12/20/7c0w9pa-1.png
,757,,https://cdn.hoanghamobile.com/i/previewV2/Uploads/2025/02/14/83da001yvn-1.png
,758,,https://cdn.hoanghamobile.com/i/previewV2/Uploads/2025/02/14/83k00008vn-1.png
,759,,https://cdn.hoanghamobile.com/i/previewV2/Uploads/2025/02/14/83dv00ugvn-1.png
,760,,https://cdn.hoanghamobile.com/i/previewV2/Uploads/2024/12/17/83lk0036vn-1.png
,761,,https://cdn.hoanghamobile.com/i/previewV2/Uploads/2025/02/14/83hr0001vn-1.png
,762,,https://cdn.hoanghamobile.com/i/previewV2/Uploads/2025/02/14/83j3001dvn-1.jpg
,763,,https://cdn.hoanghamobile.com/i/previewV2/Uploads/2025/02/14/83k00007vn-1.png
,764,,https://cdn.hoanghamobile.com/i/previewV2/Uploads/2025/02/22/82xm00mdvn-1.png
,765,,https://cdn.hoanghamobile.com/i/previewV2/Uploads/2025/02/14/21mr006wvn-1.jpg
,766,,https://cdn.hoanghamobile.com/i/previewV2/Uploads/2024/10/17/83gs000jvn-1.png
,767,,https://cdn.hoanghamobile.com/i/preview-np-V2/Uploads/ImageHightlight/4102_laptop-lenovo-loq-15iax9-83gs001rvn-chinh-hang/artboard-1.png
,768,,https://cdn.hoanghamobile.com/i/previewV2/Uploads/2024/11/13/ideapad-slim-3-15abr8-82xm00ehvn-1.png
,769,,https://cdn.hoanghamobile.com/i/previewV2/Uploads/2024/11/06/laptop-lenovo-ideapad-slim-5-14q8x9-83hl000kvn-1.png
,770,,https://cdn.hoanghamobile.com/i/preview-np-V2/Uploads/ImageHightlight/5954_laptop-gaming-lenovo-loq-15irx9-83dv00d5vn/artboard-1.png
,771,,https://cdn.hoanghamobile.com/i/previewV2/Uploads/2024/11/04/laptop-lenovo-thinkbook-16-g6-irl-21kh00q0vn-i5-13420h16gb512gb-pcie16-7.png
,772,,https://cdn.hoanghamobile.com/i/previewV2/Uploads/2024/11/04/laptop-lenovo-v14-g4-iru-83a000bhvn-i5-13420h-16gb-512gb-14-inch-fhd-win11-grey-7.png
,773,,https://cdn.hoanghamobile.com/i/previewV2/Uploads/2024/11/06/loq-15arp9-83jc003yvn-1.png
,774,,https://cdn.hoanghamobile.com/i/previewV2/Uploads/2024/11/04/laptop-lenovo-thinkbook-14-g6-irl-21kg00rdvn-i5-13420h-16gb-512gb-14-inch-wuxga-win11-grey-7.png
,775,,https://cdn.hoanghamobile.com/i/previewV2/Uploads/2024/04/24/83da001nvn-9.png
,776,,https://cdn.hoanghamobile.com/i/previewV2/Uploads/2024/04/22/83dc001rvn-5.png
,777,,https://cdn.hoanghamobile.com/i/previewV2/Uploads/2024/05/03/82sd006pvn-4.png
,778,,https://cdn.hoanghamobile.com/i/preview-np-V2/Uploads/ImageHightlight/4963_laptop-lenovo-thinkbook-16-g6-abp-21kk005xvn/artboard-1.png
,779,,https://cdn.hoanghamobile.com/i/preview-np-V2/Uploads/ImageHightlight/4932_laptop-lenovo-ideapad-slim-5-16imh9-83dc001svn/artboard-1.png
,780,,https://cdn.hoanghamobile.com/i/preview-np-V2/Uploads/ImageHightlight/4922_laptop-lenovo-loq-15iax9-83fq0005vn/artboard-1.png
,781,,https://cdn.hoanghamobile.com/i/preview-np-V2/Uploads/ImageHightlight/4589_laptop-lenovo-v15-g4-iru-83a1000bvn/artboard-1.png
,782,,https://cdn.hoanghamobile.com/i/preview-np-V2/Uploads/ImageHightlight/4574_laptop-lenovo-thinkpad-e14-gen-5-21jk00h5vn/artboard-1.png
,783,,https://cdn.hoanghamobile.com/i/previewV2/Uploads/2024/02/27/lenovo-ideapad-1-15amn7-gray.png
,784,,https://cdn.hoanghamobile.com/i/previewV2/Uploads/2024/04/05/loq-15irh8-ct1-02.png
,785,,https://cdn.hoanghamobile.com/i/previewV2/Uploads/2024/02/27/lenovo-ideapad-1-15amn7-gray.png
,786,,https://cdn.hoanghamobile.com/i/previewV2/Uploads/2024/01/23/82xv00qpvn-1.png
,787,,https://cdn.hoanghamobile.com/i/previewV2/Uploads/2024/01/23/21kg00bxvn-1.png
,788,,https://cdn.hoanghamobile.com/i/previewV2/Uploads/2024/01/23/82xd002vvn-1.png
,789,,https://cdn.hoanghamobile.com/i/previewV2/Uploads/2024/01/23/82rj000hvn-1.png
,790,,https://cdn.hoanghamobile.com/i/previewV2/Uploads/2023/12/21/loq-15irh8-ct1-02.png
,791,,https://cdn.hoanghamobile.com/i/previewV2/Uploads/2023/11/09/83bg001xvn-1.png
,792,,https://cdn.hoanghamobile.com/i/previewV2/Uploads/2023/11/09/82k2027qvn-1.png
,793,,https://cdn.hoanghamobile.com/i/previewV2/Uploads/2023/10/16/82tsa071vn-1.png
,794,,https://cdn.hoanghamobile.com/i/previewV2/Uploads/2023/10/16/83eq000bvn-1.png
,795,,https://cdn.hoanghamobile.com/i/previewV2/Uploads/2023/10/12/21e300e4vn-1.png
,796,,https://cdn.hoanghamobile.com/i/previewV2/Uploads/2023/09/26/21dj00cwvn-1.png
,797,,https://cdn.hoanghamobile.com/i/previewV2/Uploads/2023/02/20/image-removebg-preview-5.png
,798,,https://cdn.hoanghamobile.com/i/previewV2/Uploads/2023/05/04/82sg007kvn-1.png
,799,,https://cdn.hoanghamobile.com/i/previewV2/Uploads/2023/04/04/82rj009mvn-1.png
,800,,https://cdn.hoanghamobile.com/i/previewV2/Uploads/2022/10/03/image-removebg-preview-44.png
,801,,https://cdn.hoanghamobile.com/i/previewV2/Uploads/2023/03/09/thinkpad-e15-gen-4-1.png
,802,,https://cdn.hoanghamobile.com/i/previewV2/Uploads/2024/04/03/lenovo-v14-g4-iah-ct1-09.png
,803,,https://cdn.hoanghamobile.com/i/preview-np-V2/Uploads/ImageHightlight/4994_lenovo-ideapad-3-14aih8-83eq0005vn/artboard-1.png
,804,,https://cdn.hoanghamobile.com/i/previewV2/Uploads/2024/05/10/lenovo-loq-15iax9-83gs001svn.png
,805,,https://cdn.hoanghamobile.com/i/previewV2/Uploads/2025/02/11/14zd90s-g-1.jpg
,806,,https://cdn.hoanghamobile.com/i/previewV2/Uploads/2024/11/04/laptop-lg-gram-2024-14z90s-g-4.png
,807,,https://cdn.hoanghamobile.com/i/preview-np-V2/Uploads/ImageHightlight/5921_laptop-lg-gram-14z90r-g-ah53a5/artboard-1.png
,808,,https://cdn.hoanghamobile.com/i/previewV2/Uploads/2024/11/04/laptop-lg-gram-2024-14z90s-g-4_638663151086584771.png
,809,,https://cdn.hoanghamobile.com/i/previewV2/Uploads/2025/03/01/phn16s-71-94t0.png
,810,,https://cdn.hoanghamobile.com/i/previewV2/Uploads/2025/03/01/phn16s-71-95ms.png
,811,,https://cdn.hoanghamobile.com/i/previewV2/Uploads/2025/03/01/ph18-73-98aq.png
,812,,https://cdn.hoanghamobile.com/i/previewV2/Uploads/2025/03/01/ph18-73-93p0.png
,813,,https://cdn.hoanghamobile.com/i/previewV2/Uploads/2024/11/16/laptop-acer-aspire-3-a314-23m-r4tx-1.gif
,814,,https://cdn.hoanghamobile.com/i/previewV2/Uploads/2022/09/22/image-removebg-preview-12.png
,815,,https://cdn.hoanghamobile.com/i/previewV2/Uploads/2022/10/03/image-removebg-preview-60.png
,816,,https://cdn.hoanghamobile.com/i/previewV2/Uploads/2022/09/16/image-removebg-preview-93.png
,817,,https://cdn.hoanghamobile.com/i/previewV2/Uploads/2023/10/12/aspire-3-a315-58-sg-01b.png
,818,,https://cdn.hoanghamobile.com/i/previewV2/Uploads/2023/02/24/ph16-71-94n1-1.png
,819,,https://cdn.hoanghamobile.com/i/previewV2/Uploads/2023/02/24/ph18-71-94sj-1.png
,820,,https://cdn.hoanghamobile.com/i/previewV2/Uploads/2022/12/22/image-removebg-preview-4.png
,821,,https://cdn.hoanghamobile.com/i/previewV2/Uploads/2022/11/12/image-removebg-preview-76.png
,822,,https://cdn.hoanghamobile.com/i/previewV2/Uploads/2022/10/18/image-removebg-preview-52_638017091789031630.png
,823,,https://cdn.hoanghamobile.com/i/previewV2/Uploads/2022/09/16/image-removebg-preview-2022-09-16t145717-836.png
,824,,https://cdn.hoanghamobile.com/i/previewV2/Uploads/2022/07/28/image-removebg-preview-12.png
,825,,https://cdn.hoanghamobile.com/i/previewV2/Uploads/2022/05/30/laptop-acer-travelmate-b3-tmb311-1.png
,826,,https://cdn.hoanghamobile.com/i/previewV2/Uploads/2024/02/23/acer-gaming-aspire-5-2023-a515-58gm.png
,827,,https://cdn.hoanghamobile.com/i/previewV2/Uploads/2022/11/12/image-removebg-preview-80.png
,828,,https://cdn.hoanghamobile.com/i/previewV2/Uploads/2024/02/28/nitro-v-frame-rtx2050.png
