id,name,slug,description,isNew,isActive,isPopular,createdDate,updatedDate,categoryID
500,Mac Studio Chip M3 Ultra (32CPU - 80GPU - 96GB - 1TB) - Chính Hãng Apple Việt Nam,mac-studio-chip-m3-ultra-32cpu-80gpu-96gb-1tb,,True,True,True,2025-03-07 01:38:09.540422,2025-03-07 01:38:09.540759,101
501,Laptop MacBook Air M4 13.6 inch 16GB/512GB - Chính hãng Apple Việt Nam,macbook-air-m4-13-6-inch-16gb-512gb,,True,True,True,2025-03-07 01:38:09.540422,2025-03-07 01:38:09.540759,101
502,Laptop MacBook Air M4 13.6 inch 24GB/512GB - Chính hãng Apple Việt Nam,macbook-air-m4-13-6-inch-24gb-512gb,,True,True,True,2025-03-07 01:38:09.540422,2025-03-07 01:38:09.540759,101
503,Laptop MacBook Air M4 15.3 inch 16GB/256GB - Chính hãng Apple Việt Nam,macbook-air-m4-15-3-inch-16gb-256gb,,True,True,True,2025-03-07 01:38:09.540422,2025-03-07 01:38:09.540759,101
504,Laptop MacBook Air M4 13.6 inch 16GB/256GB - Chính hãng Apple Việt Nam,macbook-air-m4-13-6-inch-16gb-256gb,,True,True,True,2025-03-07 01:38:09.540422,2025-03-07 01:38:09.540759,101
505,Laptop MacBook Air M4 15.3 inch 16GB/512GB - Chính hãng Apple Việt Nam,macbook-air-m4-15-3-inch-16gb-512gb,,True,True,True,2025-03-07 01:38:09.540422,2025-03-07 01:38:09.540759,101
506,Laptop MacBook Air M4 15.3 inch 24GB/512GB - Chính hãng Apple Việt Nam,macbook-air-m4-15-3-inch-24gb-512gb,,True,True,True,2025-03-07 01:38:09.540422,2025-03-07 01:38:09.540759,101
507,Mac Studio Chip M4 Max (14CPU - 32GPU - 36GB - 512GB) - Chính Hãng Apple Việt Nam,mac-studio-chip-m4-max-14cpu-32gpu-36gb-512gb,,True,True,True,2025-03-07 01:38:09.540422,2025-03-07 01:38:09.540759,101
508,Mac Studio Chip M4 Max (16CPU - 40GPU - 48GB - 512GB) - Chính Hãng Apple Việt Nam,mac-studio-chip-m4-max-16cpu-40gpu-48gb-512gb,,True,True,True,2025-03-07 01:38:09.540422,2025-03-07 01:38:09.540759,101
509,Mac Studio Chip M3 Ultra (28CPU - 60GPU - 96GB - 1TB) - Chính Hãng Apple Việt Nam,mac-studio-chip-m3-ultra-28cpu-60gpu-96gb-1tb,,True,True,True,2025-03-07 01:38:09.540422,2025-03-07 01:38:09.540759,101
510,MacBook Air M1 13 inch (8GB/256GB) - Chính hãng Apple Việt Nam,macbook-air-13-inch-2020-256gb-chinh-hang-apple-viet-nam-phien-ban-moi,,True,True,True,2025-03-07 01:38:09.540422,2025-03-07 01:38:09.540759,101
511,Mac Mini M4 2024 10CPU 10GPU 16GB/256GB - Chính hãng Apple Việt Nam,mac-mini-m4-16gb-256gb,,True,True,True,2025-03-07 01:38:09.540422,2025-03-07 01:38:09.540759,101
512,MacBook Air M3 13.6 inch 8CPU 10GPU 24GB/512GB - Chính hãng Apple Việt Nam,macbook-air-m3-13-6-inch-24gb-512gb,,True,True,True,2025-03-07 01:38:09.540422,2025-03-07 01:38:09.540759,101
513,iMac M4 24 inch 2024 10CPU 10GPU 16GB/512GB - Chính hãng Apple Việt Nam,imac-m4-24-inch-10cpu-10gpu-16gb-512gb,,True,True,True,2025-03-07 01:38:09.540422,2025-03-07 01:38:09.540759,101
514,Mac Mini M4 Pro 2024 12CPU 16GPU 24GB/512GB - Chính hãng Apple Việt Nam,mac-mini-m4-pro-24gb-512gb,,True,True,True,2025-03-07 01:38:09.540422,2025-03-07 01:38:09.540759,101
515,Mac Mini M4 2024 10CPU 10GPU 24GB/512GB - Chính hãng Apple Việt Nam,mac-mini-m4-24gb-512gb,,True,True,True,2025-03-07 01:38:09.540422,2025-03-07 01:38:09.540759,101
516,MacBook Pro 14 inch M4 10CPU 10GPU 16GB/512GB - Chính hãng Apple Việt Nam,macbook-pro-m4-14-inch-16gb-512gb,,True,True,True,2025-03-07 01:38:09.540422,2025-03-07 01:38:09.540759,101
517,MacBook Pro 14 inch M4 10CPU 10GPU 16GB/1TB - Chính hãng Apple Việt Nam,macbook-pro-m4-14-inch-16gb-1tb,,True,True,True,2025-03-07 01:38:09.540422,2025-03-07 01:38:09.540759,101
518,MacBook Pro 14 inch M4 Pro 12CPU 16GPU 24GB/512GB - Chính hãng Apple Việt Nam,macbook-pro-m4-pro-14-inch-24gb-512gb,,True,True,True,2025-03-07 01:38:09.540422,2025-03-07 01:38:09.540759,101
519,MacBook Pro 14 inch M4 Max 14CPU 32GPU 36GB/1TB - Chính hãng Apple Việt Nam,macbook-pro-m4-max-14-inch-36gb-1tb,,True,True,True,2025-03-07 01:38:09.540422,2025-03-07 01:38:09.540759,101
520,MacBook Pro 16 inch M4 Pro 14CPU 20GPU 24GB/512GB - Chính hãng Apple Việt Nam,macbook-pro-m4-pro-16-inch-24gb-512gb,,True,True,True,2025-03-07 01:38:09.540422,2025-03-07 01:38:09.540759,101
521,MacBook Pro 16 inch M4 Max 16CPU 40GPU 48GB/1TB - Chính hãng Apple Việt Nam,macbook-pro-m4-max-16-inch-48gb-1tb,,True,True,True,2025-03-07 01:38:09.540422,2025-03-07 01:38:09.540759,101
522,MacBook Pro 16 inch M4 Pro 14CPU 20GPU 48GB/512GB - Chính hãng Apple Việt Nam,macbook-pro-m4-pro-16-inch-48gb-512gb,,True,True,True,2025-03-07 01:38:09.540422,2025-03-07 01:38:09.540759,101
523,MacBook Air M3 15.3 inch 8CPU 10GPU 16GB/256GB - Chính hãng Apple Việt Nam,macbook-air-m3-15-3-inch-16gb-256gb,,True,True,True,2025-03-07 01:38:09.540422,2025-03-07 01:38:09.540759,101
524,iMac M4 24 inch 2024 Nano 10CPU 10GPU 16GB/256GB - Chính hãng Apple Việt Nam,imac-m4-24-inch-mat-kinh-nano-10cpu-10gpu-16gb-256gb,,True,True,True,2025-03-07 01:38:09.540422,2025-03-07 01:38:09.540759,101
525,iMac M4 24 inch 2024 8CPU 8GPU 16GB/256GB - Chính hãng Apple Việt Nam,imac-m4-24-inch-8cpu-8gpu-16gb-256gb,,True,True,True,2025-03-07 01:38:09.540422,2025-03-07 01:38:09.540759,101
526,Mac Mini M4 2024 10CPU 10GPU 16GB/512GB - Chính hãng Apple Việt Nam,mac-mini-m4-16gb-512gb,,True,True,True,2025-03-07 01:38:09.540422,2025-03-07 01:38:09.540759,101
527,MacBook Air M2 13.6 inch 8CPU 8GPU 8GB/256GB - Chính hãng Apple Việt Nam,macbook-air-m2-13-6-2022-256gb-chinh-hang-apple-viet-nam,,True,True,True,2025-03-07 01:38:09.540422,2025-03-07 01:38:09.540759,101
528,MacBook Air M3 13.6 inch 8CPU 8GPU 8GB/256GB - Chính hãng Apple Việt Nam,macbook-air-m3-13-inch-8gb-256gb-chinh-hang-apple-viet-nam,,True,True,True,2025-03-07 01:38:09.540422,2025-03-07 01:38:09.540759,101
529,iMac M1 2021 24 inch (8GB/512GB) - Chính hãng Apple Việt Nam,apple-imac-2021-m1-24-512gb-chinh-hang-apple-viet-nam,,True,True,True,2025-03-07 01:38:09.540422,2025-03-07 01:38:09.540759,101
530,MacBook Air M3 13.6 inch 8CPU 10GPU 16GB/512GB - Chính hãng Apple Việt Nam,macbook-air-m3-13-inch-16gb-512gb-chinh-hang-apple-viet-nam,,True,True,True,2025-03-07 01:38:09.540422,2025-03-07 01:38:09.540759,101
531,MacBook Air M3 15.3 inch 8CPU 10GPU 8GB/256GB - Chính hãng Apple Việt Nam,macbook-air-m3-15-inch-8gb-256gb-chinh-hang-apple-viet-nam,,True,True,True,2025-03-07 01:38:09.540422,2025-03-07 01:38:09.540759,101
532,MacBook Air M3 13.6 inch 8CPU 8GPU 16GB/256GB - Chính hãng Apple Việt Nam,macbook-air-m3-13-6-16gb-256gb-apple-viet-nam,,True,True,True,2025-03-07 01:38:09.540422,2025-03-07 01:38:09.540759,101
533,MacBook Air M2 13.6 inch 8CPU 8GPU 16GB/256GB - Chính hãng Apple Việt Nam,macbook-air-m2-13-2022-16gb-256gb-chinh-hang-apple-viet-nam,,True,True,True,2025-03-07 01:38:09.540422,2025-03-07 01:38:09.540759,101
534,"Laptop MSI Modern 15 B13M-438VN (i5-1335U/8GB/512GB/15.6""FHD/Win11) - Chính hãng",laptop-msi-modern-15-b13m-438vn,,True,True,True,2025-03-07 01:38:09.540422,2025-03-07 01:38:09.540759,102
535,"Laptop MSI Modern 14 C7M- 221VN (R7-7730U/8GB/512GB/14"" FHD/Windows 11) - Chính hãng",laptop-msi-modern-14-c7m-221vn-chinh-hang,,True,True,True,2025-03-07 01:38:09.540422,2025-03-07 01:38:09.540759,102
536,"Laptop Gaming MSI Cyborg 15 A12VF-267VN (i7-12650H/8GB/512GB/RTX 4060/15.6"" FHD 144Hz/Windows 11) - Chính hãng",laptop-gaming-msi-cyborg-15-a12vf-267vn-chinh-hang,,True,True,True,2025-03-07 01:38:09.540422,2025-03-07 01:38:09.540759,102
537,"Laptop MSI Katana 15 B13VFK-676VN (i7-13620H/16GB/1TB/RTX 4060/15.6"" FHD 144Hz/Windows 11/Ba lô) - Chính hãng",laptop-msi-katana-15-b13vfk-676vn-chinh-hang,,True,True,True,2025-03-07 01:38:09.540422,2025-03-07 01:38:09.540759,102
538,"Laptop MSI Modern 15 B12MO-625VN - (i5-1235U/8GB/512GB/15.6"" FHD/Windows 11) - Chính hãng",laptop-msi-modern-15-b12mo-625vn-chinh-hang,,True,True,True,2025-03-07 01:38:09.540422,2025-03-07 01:38:09.540759,102
539,"Laptop MSI Modern 14 C13M-608VN (i5-1335U/16GB/512GB/14"" FHD/Win 11) - Chính hãng",laptop-msi-modern-14-c13m-608vn,,True,True,True,2025-03-07 01:38:09.540422,2025-03-07 01:38:09.540759,102
540,"Laptop MSI Gaming Cyborg 14 A13UDX-099VN (i7-13620H/16GB/512GB/RTX3050/14"" FHD/RTX3050/Win 11/Balo)",laptop-msi-gaming-cyborg-14-a13udx-099vn,,True,True,True,2025-03-07 01:38:09.540422,2025-03-07 01:38:09.540759,102
541,"Laptop MSI Modern 15 A11M-099VN (i5-1135G7/8GB/512GB/15.6""FHD/Win 10/Đen) - Chính hãng",laptop-msi-modern-15-a11m-099vn,,True,True,True,2025-03-07 01:38:09.540422,2025-03-07 01:38:09.540759,102
542,Laptop MSI Modern 14 C12MO-660VN (I5-1235U/16GB/512GB/14.0 FHD/WIN11/Đen) - Chính hãng,laptop-msi-modern-14-c12mo-660vn,,True,True,True,2025-03-07 01:38:09.540422,2025-03-07 01:38:09.540759,102
543,"Laptop MSI Modern 14 C7M-220VN (R5-7530U/8GB/512GB/14"" FHD/Windows 11) - Chính hãng",laptop-msi-modern-14-c7m-220vn-chinh-hang,,True,True,True,2025-03-07 01:38:09.540422,2025-03-07 01:38:09.540759,102
544,Laptop MSI Modern 15 H (C13M-216VN) ( i7-13700H/16GB/1TB/15.6 FHD IPS/Win11/Đen) - Chính hãng,laptop-msi-modern-15-h-c13m-216vn,,True,True,True,2025-03-07 01:38:09.540422,2025-03-07 01:38:09.540759,102
545,"Laptop MSI Creator 16 AI Studio A1VIG (078VN) (Ultra 9-185H/64GB/2TB/RTX4090/16"" FHD 4K 120Hz/Balo/Win11) - Chính hãng",msi-creator-16-ai-studio-a1vig-078vn,,True,True,True,2025-03-07 01:38:09.540422,2025-03-07 01:38:09.540759,102
546,"Laptop Gaming MSI Bravo 15 C7VFK-275VN (Ryzen 7 7735HS/16GB/512GB/RTX 4060/15.6"" FHD 144Hz/Windows 11/Ba lô) - Chính hãng",msi-bravo-15-c7vfk-275vn,,True,True,True,2025-03-07 01:38:09.540422,2025-03-07 01:38:09.540759,102
547,"Laptop MSI Cyborg 15 AI A1VE-053VN (Core Ultra 7 155H/16GB/512GB/RTX 4050/15.6"" FHD 144Hz/Windows 11) - Chính hãng",laptop-msi-cyborg-15-ai-a11ve-053vn-chinh-hang,,True,True,True,2025-03-07 01:38:09.540422,2025-03-07 01:38:09.540759,102
548,"Laptop Gaming MSI GF63 12UCX-841VN (i5-12450H/8GB/512GB/RTX 2050/15.6"" FHD 144Hz/Windows 11) - Chính hãng",laptop-gaming-msi-gf63-12ucx-841vn-chinh-hang,,True,True,True,2025-03-07 01:38:09.540422,2025-03-07 01:38:09.540759,102
549,"Laptop MSI Cyborg 15 A12VE-240VN (i7-12650H/8GB/512GB/RTX 4050/15.6"" FHD 144Hz/Windows 11/Ba lô) - Chính hãng",laptop-msi-cyborg-15-a12ve-240vn-chinh-hang,,True,True,True,2025-03-07 01:38:09.540422,2025-03-07 01:38:09.540759,102
550,"Laptop Gaming MSI Bravo 15 B7ED-010VN (R5-7535HS/16GB/512GB/RX 6550M/15.6"" FHD 144Hz/Windows 11) - Chính hãng",laptop-gaming-msi-bravo-15-b7ed-010vn-chinh-hang,,True,True,True,2025-03-07 01:38:09.540422,2025-03-07 01:38:09.540759,102
551,"Laptop Gaming MSI GF63 Thin 11UC-1228VN (i7-11800H/8GB/512GB/15.6"" FHD/RTX3050/Windows 11) - Chính hãng",laptop-msi-gf63-thin-11uc-1228vn-chinh-hang,,True,True,True,2025-03-07 01:38:09.540422,2025-03-07 01:38:09.540759,102
552,"Laptop MSI Modern 14 C13M-458VN (i5-1335U/8GB/512GB/14"" FHD/Windows 11) - Chính hãng",laptop-msi-modern-14-c13m-458vn-chinh-hang,,True,True,True,2025-03-07 01:38:09.540422,2025-03-07 01:38:09.540759,102
553,Laptop Gaming MSI Thin 15 (B13UC-1411VN) (I7-13620H/ 8GB/512GB/RTX 3050/15.6' FHD 144HZ/WIN 11/Xám/Ba lô) - Chính hãng,laptop-gaming-msi-thin-15-b13uc-1411vn,,True,True,True,2025-03-07 01:38:09.540422,2025-03-07 01:38:09.540759,102
554,"Laptop Gaming MSI Thin 15 (B12UCX-1419VN) (I5-12450H/8GB/512GB/RTX 2050/15.6"" FHD 144HZ/WIN 11/Xám/Ba lô) - Chính hãng",laptop-gaming-msi-thin-15-b12ucx-1419vn,,True,True,True,2025-03-07 01:38:09.540422,2025-03-07 01:38:09.540759,102
555,"Laptop Gaming MSI Cyborg 15 A12UCX-618VN (i5-12450H/16GB/512GB/RTX 2050/15.6"" FHD 144Hz/Windows 11) - Chính hãng",laptop-gaming-msi-cyborg-15-a12ucx-618vn-chinh-hang,,True,True,True,2025-03-07 01:38:09.540422,2025-03-07 01:38:09.540759,102
556,"Laptop MSI Modern 15 B12MO-628VN (i5-1235U/16GB/512GB/15.6"" FHD/Windows 11) - Chính hãng",laptop-msi-modern-15-b12mo-628vn-chinh-hang,,True,True,True,2025-03-07 01:38:09.540422,2025-03-07 01:38:09.540759,102
557,"Laptop ASUS VivoBook Go 14 E1404FA-NK177W (R5-7520U/16GB/512GB/14"" FHD/Windows 11) - Chính hãng",laptop-asus-vivobook-go-e1404fa-nk177w-chinh-hang,,True,True,True,2025-03-07 01:38:09.540422,2025-03-07 01:38:09.540759,103
558,Laptop ASUS Vivobook S 14 OLED S5406SA-PP059WS (U7-258V/32GB/1TB/14 inch 3K OLED/Win 11+Office/Xanh) - Chính hãng,asus-vivobook-s-14-oled-s5406sa-pp059ws,,True,True,True,2025-03-07 01:38:09.540422,2025-03-07 01:38:09.540759,103
559,"Laptop ASUS Vivobook 14 OLED A1405VA-KM095W (i5-13500H/16GB/512GB/14"" 2.8K OLED/Windows 11/Chuột) - Chính hãng",laptop-asus-vivobook-14-oled-a1405va-km095w-chinh-hang,,True,True,True,2025-03-07 01:38:09.540422,2025-03-07 01:38:09.540759,103
560,Laptop Asus Vivobook 14 A1407CA-LY008WS (Ultra 5 225H/16GB/512GB/Intel Arc/14 inch WUXGA IPS/Win 11/Office /Bạc) - Chính hãng,laptop-asus-vivobook-14-a1407ca-ly008ws,,True,True,True,2025-03-07 01:38:09.540422,2025-03-07 01:38:09.540759,103
561,Laptop ASUS Vivobook S 14 OLED S5406SA-PP060WS (U5-226V/16GB/512GB/14 inch 3K OLED/Win 11+Office/Xanh) - Chính hãng,asus-vivobook-s-14-oled-s5406sa-pp060ws,,True,True,True,2025-03-07 01:38:09.540422,2025-03-07 01:38:09.540759,103
562,"Máy tính xách tay Asus Vivobook A1405VA-KM257W (i5-13500H/16GB/512GB/Iris Xe/14"" OLED 2.8K/Win11/Black) - Chính hãng",may-tinh-xach-tay-asus-vivobook-a1405va-km257w,,True,True,True,2025-03-07 01:38:09.540422,2025-03-07 01:38:09.540759,103
563,Laptop ASUS ExpertBook P1 P1403CVA-i508-50W (i5-13420H/8GB/512GB/14.0inch FHD/Win11/Xám)- Chính hãng,laptop-asus-expertbook-p1-p1403cva-i508-50w,,True,True,True,2025-03-07 01:38:09.540422,2025-03-07 01:38:09.540759,103
564,Laptop ASUS Zenbook 14 (UM3406KA-PP555WS) (RYZEN AI 7 350/32GB/512GB/14.0_3K/OLED-120Hz/W11SL/TUI/OFFICE/ĐEN) - Chính hãng,laptop-asus-zenbook-14-um3406ka-pp555ws,,True,True,True,2025-03-07 01:38:09.540422,2025-03-07 01:38:09.540759,103
565,Laptop ASUS Zenbook A14 (UX3407QA-QD299WS) (X1-26-100/16GD5X/512GB/14.0_WUXGA/OLED/WiFi6E/BT5/3C70WHrs/W11SL/TÚI/BE) - Chính hãng,laptop-asus-zenbook-a14-ux3407qa-qd299ws,,True,True,True,2025-03-07 01:38:09.540422,2025-03-07 01:38:09.540759,103
566,"Laptop ASUS Vivobook S 14 Flip TP3402VA-LZ118W (i9-13900H/16GB/512GB/14"" IPS Cảm ứng/Windows 11) - Chính hãng",laptop-asus-vivobook-flip-tp3402va-lz118w-chinh-hang,,True,True,True,2025-03-07 01:38:09.540422,2025-03-07 01:38:09.540759,103
567,"Laptop Asus Gaming Vivobook 16X K3605ZU-RP296W (i5-12500H/16GB/512GB/RTX4050/16"" WUXGA/Win11/Đen) - Chính hãng",laptop-asus-gaming-vivobook-16x-k3605zu-rp296w,,True,True,True,2025-03-07 01:38:09.540422,2025-03-07 01:38:09.540759,103
568,Laptop ASUS TUF Gaming A15 FA506NFR-HN075W (R7 7435HS/RTX 2050/16GB/512GB/15.6 inch FHD 144Hz/Win 11/Đen) - Chính hãng,laptop-asus-tuf-gaming-a15-fa506nfr-hn075w,,True,True,True,2025-03-07 01:38:09.540422,2025-03-07 01:38:09.540759,103
569,"Laptop Asus TUF Gaming A15 FA507NUR-LP101W (R7-7435HS/RTX4050 /16GB/512GB/15.6""FHD 144Hz/Win11/Đen) - Chính hãng",laptop-asus-tuf-gaming-a15-fa507nur-lp101w,,True,True,True,2025-03-07 01:38:09.540422,2025-03-07 01:38:09.540759,103
570,"Laptop ASUS Vivobook 14X OLED K3405ZF-KM184W (i5-12500H/16GB/512GB/RTX 2050/14"" 2.8K OLED 90Hz/Windows 11) - Chính hãng",laptop-asus-vivobook-14x-oled-k3405zf-km184w-chinh-hang,,True,True,True,2025-03-07 01:38:09.540422,2025-03-07 01:38:09.540759,103
571,"Laptop Asus TUF Gaming FA506NFR-HN006W (R7 7435HS/16GB/512GB/RTX205015.6"" FHD/Win11/Đen) - Chính hãng",laptop-asus-tuf-gaming-fa506nfr-hn006w,,True,True,True,2025-03-07 01:38:09.540422,2025-03-07 01:38:09.540759,103
572,Laptop ASUS TUF Gaming A15 FA507NV-LP061W (R7-7735HS/RTX 4060/16GB/1TB/15.6 inch FHD 144Hz/Win 11/Xám) - Chính hãng,laptop-asus-tuf-gaming-a15-fa507nv-lp061w,,True,True,True,2025-03-07 01:38:09.540422,2025-03-07 01:38:09.540759,103
573,Laptop ASUS TUF Gaming F15 FX507VU-LP315W (i7-13620H/RTX 4050/16GB/512GB/15.6 inch FHD 144Hz/Win 11/Xám) - Chính hãng,laptop-asus-tuf-gaming-f15-fx507vu-lp315w,,True,True,True,2025-03-07 01:38:09.540422,2025-03-07 01:38:09.540759,103
574,Laptop ASUS Vivobook 15 OLED A1505VA-MA492W (I7-13700H/16GB/512GB PCIE/15.6 2.8K OLED/WIN11/Bạc) - Chính hãng,laptop-asus-vivobook-15-oled-a1505va-ma492w,,True,True,True,2025-03-07 01:38:09.540422,2025-03-07 01:38:09.540759,103
575,Laptop ASUS X515MA-BR481W (N4020/4GB/256GB/15.6HD/WIN11/Bạc) - Chính hãng,laptop-asus-x515ma-br481w,,True,True,True,2025-03-07 01:38:09.540422,2025-03-07 01:38:09.540759,103
576,Laptop Asus X515MA-BR480W (N4020/4GB/256GB/15.6 HD/WIN11/Bạc)- Chính hãng,laptop-asus-x515ma-br480w,,True,True,True,2025-03-07 01:38:09.540422,2025-03-07 01:38:09.540759,103
577,Laptop ASUS TUF Gaming F15 FX507VV-LP304W (I7-13620H/RTX 4060/16GB/1TB/15.6 inch FHD 144Hz/Win 11/Xám) - Chính hãng,laptop-asus-tuf-gaming-f15-fx507vv-lp304w,,True,True,True,2025-03-07 01:38:09.540422,2025-03-07 01:38:09.540759,103
578,Laptop Asus VivoBook 15 OLED A1505VA-MA468W (i5 13500H/16GB RAM/512GB SSD/15.6 Oled 2.8K/Win11/Đen/Chuột) - Chính hãng,laptop-asus-vivobook-15-oled-a1505va-ma468w,,True,True,True,2025-03-07 01:38:09.540422,2025-03-07 01:38:09.540759,103
579,Laptop ASUS ExpertBook B1 B1402CBA-NK3507 (i7-1255U/8GB/512GB/14 inch FHD/No OS/Đen) - Chính hãng,laptop-asus-expertbook-b1-b1402cba-nk3507,,True,True,True,2025-03-07 01:38:09.540422,2025-03-07 01:38:09.540759,103
580,Laptop Asus ExpertBook B1 B1402CVA-NK1280 (i7-1355U/8GB/1TB/14.0inch FHD/No OS/Đen) - Chính hãng,asus-expertbook-b1-b1402cva-nk1280,,True,True,True,2025-03-07 01:38:09.540422,2025-03-07 01:38:09.540759,103
581,"Laptop ASUS Gaming TUF FX507ZC4-HN095W (I5-12500H/16GB/512GB/RTX 3050/15.6"" FHD 144HZ/WIN11/Xám) - Chính hãng",asus-gaming-tuf-fx507zc4-hn095w,,True,True,True,2025-03-07 01:38:09.540422,2025-03-07 01:38:09.540759,103
582,"Laptop ASUS Vivobook 14X OLED S3405VA-KM071W (i9-13900H/16GB/512GB/14"" 2.8K OLED/Windows 11) - Chính hãng",laptop-asus-vivobook-14x-oled-s3405va-km071w-chinh-hang,,True,True,True,2025-03-07 01:38:09.540422,2025-03-07 01:38:09.540759,103
583,"Laptop ASUS Vivobook 15X OLED M3504YA-L1332W (Ryzen 7 7730U/16GB/512GB/15.6"" FHD/Windows 11) - Chính hãng",laptop-asus-vivobook-15x-oled-m3504ya-l1332w-chinh-hang,,True,True,True,2025-03-07 01:38:09.540422,2025-03-07 01:38:09.540759,103
584,"Laptop ASUS Vivobook 14 OLED M1405YA-KM047W (Ryzen 5 7530U/8GB/512GB/14"" 2.8K OLED 90Hz/Windows 11) - Chính hãng",laptop-asus-vivobook-14-oled-m1405ya-km047w-chinh-hang,,True,True,True,2025-03-07 01:38:09.540422,2025-03-07 01:38:09.540759,103
585,"Laptop ASUS Zenbook 14 OLED UX3402VA-KM203W (i5-1340P/16GB/512GB/14"" 2.8K OLED/Windows 11/Túi) - Chính hãng",laptop-asus-zenbook-14-oled-ux3402va-km203w-chinh-hang,,True,True,True,2025-03-07 01:38:09.540422,2025-03-07 01:38:09.540759,103
586,"Laptop ASUS Vivobook 14 X1404ZA-NK300W (i3-1215U/8GB/256GB/Intel UHD/14"" FHD/Windows 11) - Chính hãng",laptop-asus-vivobook-14-x1404za-nk300w-chinh-hang,,True,True,True,2025-03-07 01:38:09.540422,2025-03-07 01:38:09.540759,103
587,"Laptop ASUS Vivobook 16 X1605VA-MB105W (i5-1335U/8GB/512GB/16"" WUXGA/Windows 11) - Chính hãng",laptop-asus-vivobook-16-x1605va-mb105w-chinh-hang,,True,True,True,2025-03-07 01:38:09.540422,2025-03-07 01:38:09.540759,103
588,Laptop ASUS Vivobook 14 X1404ZA-NK389W (I7-1255U/16GB/512GB PCIE/14.0 FHD/WIN11/BẠC) - Chính hãng,laptop-asus-vivobook-14-x1404za-nk389w-chinh-hang,,True,True,True,2025-03-07 01:38:09.540422,2025-03-07 01:38:09.540759,103
589,"Laptop ASUS Vivobook 15 OLED A1505VA-L1491W (i7-13700H/16GB/512GB/15.6"" FHD OLED/Windows 11) - Chính hãng",laptop-asus-vivobook-15-oled-a1505va-l1491w-chinh-hang,,True,True,True,2025-03-07 01:38:09.540422,2025-03-07 01:38:09.540759,103
590,"Laptop ASUS Vivobook Go 14 E1404FA-NK186W (Ryzen 5 7520U/16GB/512GB/14"" FHD/Windows 11) - Chính hãng",asus-vivobook-go-e1404fa-nk186w,,True,True,True,2025-03-07 01:38:09.540422,2025-03-07 01:38:09.540759,103
591,"Laptop ASUS Vivobook 15 X1504VA-NJ069W (i3-1315U/8GB/512GB/15.6"" FHD/Windows 11) - Chính hãng",laptop-asus-vivobook-15-x1504va-nj069w-chinh-hang,,True,True,True,2025-03-07 01:38:09.540422,2025-03-07 01:38:09.540759,103
592,"Laptop ASUS Vivobook S15 S5507QA-MA089WS (Snapdragon X1E-78-100/AI/32GB/1TB/15.6""_3K_OLED/WIN11/Bạc) - Chính hãng",asus-vivobook-s15-s5507qa-ma089ws,,True,True,True,2025-03-07 01:38:09.540422,2025-03-07 01:38:09.540759,103
593,Laptop Asus TUF Gaming F15 FX507VU-LP197W (i7 13620H/32GB/512GB/15.6'' 144Hz/Nvidia RTX 4050 6GB/Win 11) - Chính hãng,laptop-asus-tuf-gaming-f15-fx507vu-lp197w-chinh-hang,,True,True,True,2025-03-07 01:38:09.540422,2025-03-07 01:38:09.540759,103
594,"Laptop ASUS TUF Gaming A15 FA506NF-HN005W (Ryzen 5 7535HS/8GB/512GB/RTX 2050/15.6"" FHD 144Hz/Windows 11) - Chính hãng",laptop-asus-tuf-gaming-a15-fa506nf-hn005w-chinh-hang,,True,True,True,2025-03-07 01:38:09.540422,2025-03-07 01:38:09.540759,103
595,Laptop ASUS TUF Gaming A15 FA507NU-LP131W (Ryzen 5 7535HS/16GB/1TB/RTX 4050/15.6'' FHD IPS 144Hz/Windows 11) - Chính hãng,laptop-asus-gaming-tuf-a15-fa507nu-lp131w-chinh-hang,,True,True,True,2025-03-07 01:38:09.540422,2025-03-07 01:38:09.540759,103
596,"Laptop ASUS TUF Gaming F15 FX507VV-LP157W (i7-13620H/16GB/512GB/RTX 4060/15.6"" FHD/Windows 11) - Chính hãng",laptop-asus-tuf-gaming-f15-fx507vv-lp157w-chinh-hang,,True,True,True,2025-03-07 01:38:09.540422,2025-03-07 01:38:09.540759,103
597,"Laptop ASUS TUF Gaming F15 FX506HF-HN078W (i5-11260H/16GB/512GB/RTX 2050/15.6"" FHD IPS 144Hz) - Chính hãng",laptop-asus-gaming-tuf-f15-fx506hf-hn078w-chinh-hang,,True,True,True,2025-03-07 01:38:09.540422,2025-03-07 01:38:09.540759,103
598,"Laptop ASUS TUF Gaming F15 FX507ZU4-LP040W (i7-12700H/16GB/512GB/RTX 4050/15.6"" FHD/Windows 11) - Chính hãng",laptop-asus-tuf-gaming-f15-fx507zu4-lp040w-chinh-hang,,True,True,True,2025-03-07 01:38:09.540422,2025-03-07 01:38:09.540759,103
599,"Laptop ASUS TUF Gaming F15 FX507ZC4-HN099W (i7-12700H/8GB/512GB/RTX 3050/15.6"" FHD 144Hz/Windows 11) - Chính hãng",laptop-asus-tuf-gaming-f15-fx507zc4-hn099w-chinh-hang,,True,True,True,2025-03-07 01:38:09.540422,2025-03-07 01:38:09.540759,103
600,"Laptop ASUS TUF Gaming F15 FX507ZV4-LP042W (i7-12700H/16GB/512GB/RTX 4060/15.6"" FHD 144Hz/Windows 11) - Chính hãng",laptop-asus-tuf-gaming-f15-fx507zv4-lp042w-chinh-hang,,True,True,True,2025-03-07 01:38:09.540422,2025-03-07 01:38:09.540759,103
601,"Laptop ASUS TUF Gaming F15 FX507ZC4-HN074W (i5-12500H/8GB/512GB/RTX 3050/15.6"" FHD 144Hz/Windows 11) - Chính hãng",laptop-asus-tuf-gaming-f15-fx507zc4-hn074w-chinh-hang,,True,True,True,2025-03-07 01:38:09.540422,2025-03-07 01:38:09.540759,103
602,"Laptop ASUS TUF Gaming F15 FX506HF-HN014W (i5-11400H/8GB/512GB/RTX 2050/15.6"" FHD 144Hz/Windows 11) - Chính hãng",laptop-asus-gaming-tuf-f15-fx506hf-hn014w-chinh-hang,,True,True,True,2025-03-07 01:38:09.540422,2025-03-07 01:38:09.540759,103
603,Laptop ASUS TUF Gaming A15 FA506IHRB-HN019W -R5-4600H/8GB /512GB/GTX 1650 4GB/15.6-inch FHD 144Hz /Win 11/Đen) - Chính hãng,laptop-asus-tuf-gaming-a15-fa506ihrb-hn019w-r5-4600h-8gb-512gb,,True,True,True,2025-03-07 01:38:09.540422,2025-03-07 01:38:09.540759,103
604,Laptop Asus TUF Gaming F15 FX507ZE - HN093W - i7 - 12700H/8GB/512GB/RTX 3050Ti 4GB/15.6-inch FHD/Win 11/Xám - Chính hãng,laptop-asus-tuf-gaming-f15-fx507ze-hn093w-chinh-hang,,True,True,True,2025-03-07 01:38:09.540422,2025-03-07 01:38:09.540759,103
605,"Laptop ASUS TUF Gaming A15 FA506NC-HN011W (Ryzen 5 7535HS/8GB/512GB/15.6"" FHD 144Hz/RTX 3050/Windows 11) - Chính hãng",laptop-asus-gaming-tuf-a15-fx506nc-hn011w-chinh-hang,,True,True,True,2025-03-07 01:38:09.540422,2025-03-07 01:38:09.540759,103
606,Laptop Asus Vivobook M1605YA-MB303W (R7 7730U/16GB/512GB/16 inch/Win11/Bạc) - Chính hãng,laptop-asus-vivobook-m1605ya-mb303w-chinh-hang,,True,True,True,2025-03-07 01:38:09.540422,2025-03-07 01:38:09.540759,103
607,"Laptop ASUS Vivobook 15 X1504ZA-NJ582W (i3-1215U/8GB/512GB/15.6"" FHD/Windows 11) - Chính hãng",laptop-asus-vivobook-15-x1504za-nj582w-chinh-hang,,True,True,True,2025-03-07 01:38:09.540422,2025-03-07 01:38:09.540759,103
608,"Laptop Asus ExpertBook B1 B1402CVA-NK0062W (i5-1335U/8GB/512GB/14"" FHD/Win11/Đen) - Chính hãng",laptop-asus-expertbook-b1-b1402cva-nk0062w,,True,True,True,2025-03-07 01:38:09.540422,2025-03-07 01:38:09.540759,103
609,"Laptop ASUS Gaming TUF FX507VU-LP198W (i7-13620H/8GB/512GB/RTX4050/15.6"" FHD 144HZ/WIN11/Xám)- Chính hãng",asus-gaming-tuf-fx507vu-lp198w,,True,True,True,2025-03-07 01:38:09.540422,2025-03-07 01:38:09.540759,103
610,Laptop Asus Zenbook S 13 OLED UX5304MA-NQ117W (U7-155U/32GB/1TB/13.3 3K OLED/Win11/Xám)- Chính hãng,laptop-asus-zenbook-s-13-oled-ux5304ma-nq117w,,True,True,True,2025-03-07 01:38:09.540422,2025-03-07 01:38:09.540759,103
611,Laptop ASUS VivoBook Pro M3500QC-L1105T (R5-5600H/8GB/512GB PCIE/VGA 4GB RTX3050/15.6 FHD OLED/WIN10/Xanh) - Chính hãng,laptop-asus-vivobook-pro-m3500qc-l1105t,,True,True,True,2025-03-07 01:38:09.540422,2025-03-07 01:38:09.540759,103
612,"Máy tính xách tay Vivobook Asus A1403ZA-LY153W (I3-1220P/8GB DDR4 on board/512GB/14"" WUXGA/Win11/Blue) - Chính hãng",may-tinh-xach-tay-vivobook-asus-a1403za-ly153w,,True,True,True,2025-03-07 01:38:09.540422,2025-03-07 01:38:09.540759,103
613,"Laptop Asus Vivobook Pro 15 OLED A1505VA-L1386W (i9-13900H/8GB DDR4+8GB DDR4 onboard/1TB/Iris Xe/15.6"" OLED FHD/Win11/Silver) - Chính hãng",may-tinh-xach-tay-asus-vivobook-pro-15-oled-a1505va-l1386w,,True,True,True,2025-03-07 01:38:09.540422,2025-03-07 01:38:09.540759,103
614,"Máy tính xách tay Asus Vivobook A515EA-BQ1532T (i3-1115G4/4GB/512GB/15.6"" FHD/Win10/Black) - Chính hãng",may-tinh-xach-tay-asus-vivobook-a515ea-bq1532t,,True,True,True,2025-03-07 01:38:09.540422,2025-03-07 01:38:09.540759,103
615,"Máy tính xách tay Asus E210MA-GJ353T (N4020/4GB/128GB/UHD 600/11.6"" HD/Win10/Peacock Blue) - Chính hãng",may-tinh-xach-tay-asus-e210ma-gj353t,,True,True,True,2025-03-07 01:38:09.540422,2025-03-07 01:38:09.540759,103
616,"Máy tính xách tay Asus M3401QA-KM025T (R7-5800H/8GB DDR4 on board/512GB M.2 NVMe PCIe 3.0 SSD/Radeon/14"" OLED 2.8K/Win10 64Bit/Transparent Silver)",may-tinh-xach-tay-asus-vivobook-pro-14-oled-m3401qa-km025t,,True,True,True,2025-03-07 01:38:09.540422,2025-03-07 01:38:09.540759,103
617,"Máy tính xách tay Asus Vivobook Pro 14 OLED M3401QA-KM040T (R7-5800H/8GB DDR4 on board/512GB/AMD Radeon/14"" OLED WQXGA+/Win10/Quiet Blue) - Chính hãng",may-tinh-xach-tay-asus-vivobook-pro-14-oled-m3401qa-km040t,,True,True,True,2025-03-07 01:38:09.540422,2025-03-07 01:38:09.540759,103
618,"Máy tính xách tay Asus Vivobook PRO 14 OLED M3401QA-KM040W (R7-5800H/8GB DDR4 on board/512GB/Radeon/14"" OLED 2.8K/Win11/Quiet Blue) - Chính hãng",may-tinh-xach-tay-asus-vivobook-pro-14-oled-m3401qa-km040w,,True,True,True,2025-03-07 01:38:09.540422,2025-03-07 01:38:09.540759,103
619,"Máy tính xách tay Asus Vivobook Pro 15 OLED M3500QC-L1327W (R7-5800H/16GB on board/512GB/RTX 3050/15.6"" OLED FHD/Win11/Silver) - Chính hãng",may-tinh-xach-tay-asus-vivobook-pro-15-oled-m3500qc-l1327w,,True,True,True,2025-03-07 01:38:09.540422,2025-03-07 01:38:09.540759,103
620,"Laptop Asus Vivobook Pro 15 OLED M3500QC-L1388W (R5-5600H/16GB on board/512GB/RTX 3050/15.6"" OLED FHD/Win11/Silver) - Chính hãng",may-tinh-xach-tay-asus-vivobook-pro-15-oled-m3500qc-l1388w,,True,True,True,2025-03-07 01:38:09.540422,2025-03-07 01:38:09.540759,103
621,Máy tính xách tay Asus Vivobook Flip 14 TM420UA-EC022T (R5-5500U/8GB/512GB/AMD Radeon/14.0 inch FHD/Win10/ Đen) - Chính hãng,may-tinh-xach-tay-asus-vivobook-flip-14-tm420ua-ec022t,,True,True,True,2025-03-07 01:38:09.540422,2025-03-07 01:38:09.540759,103
622,"Máy tính xách tay Asus Zenbook 14X OLED UM5401QA-KN053W (R5-5600H/8GB/512GB/AMD Radeon /14"" OLED 2.8K Touch/Win11/Jade Black) - Chính hãng",may-tinh-xach-tay-asus-zenbook-14x-oled-um5401qa-kn053w,,True,True,True,2025-03-07 01:38:09.540422,2025-03-07 01:38:09.540759,103
623,"Máy tính xách tay Asus Zenbook 14X OLED UM5401QA-KN209W (R5-5600H/8GB/512GB/AMD Radeon /14"" OLED 2.8K Touch/Win11/Jade Black) - Chính hãng",may-tinh-xach-tay-asus-zenbook-14x-oled-um5401qa-kn209w,,True,True,True,2025-03-07 01:38:09.540422,2025-03-07 01:38:09.540759,103
624,Laptop ASUS ExpertBook B1 B1502CB - (B1502CBA-NJ1137W) (i5-1235U/8GB/512GB/TPM/15.6FHD/W11H/Đen) - Chính hãng,laptop-asus-expertbook-b1-b1502cb-b1502cba-nj1137w,,True,True,True,2025-03-07 01:38:09.540422,2025-03-07 01:38:09.540759,103
625,"Laptop Asus S14 OELD S5406MA-PP136W (Ultra 5-125H - AI/16GB/1TB /14"" 3K/Win 11 Home/Xanh) - Chính hãng",laptop-asus-vivobook-s14-s5406ma-pp136w,,True,True,True,2025-03-07 01:38:09.540422,2025-03-07 01:38:09.540759,103
626,Laptop ASUS Zenbook DUO UX8406MA-PZ307W (Core Ultra 7 155H/16GB/512GB/14'' 3K OLED Cảm ứng/Windows 11) - Chính hãng,asus-zenbook-duo-ux8406ma-pz307w,,True,True,True,2025-03-07 01:38:09.540422,2025-03-07 01:38:09.540759,103
627,Laptop ASUS Zenbook DUO UX8406MA-PZ142W (Core Ultra 9 185H/32GB/1TB/14'' 3K OLED Cảm ứng/Windows 11) - Chính hãng,asus-zenbook-duo-ux8406ma-pz142w,,True,True,True,2025-03-07 01:38:09.540422,2025-03-07 01:38:09.540759,103
628,"Laptop ASUS Zenbook 14 OLED UX3405MA-PP475W (Core Ultra 9 185H/32GB/1TB/Intel Arc/14"" 3K OLED 120Hz/Windows 11) - Chính hãng",asus-zenbook-14-oled-ux3405ma-pp475w,,True,True,True,2025-03-07 01:38:09.540422,2025-03-07 01:38:09.540759,103
629,"Laptop Gaming ASUS ROG Strix G15 G513IC-HN729W - (Ryzen 7 4800H/8GB/512GB/15.6"" FHD IPS 144Hz/RTX 3050/Windows 11) - Chính hãng",laptop-gaming-asus-rog-strix-g15-g513ic-hn729w-chinh-hang,,True,True,True,2025-03-07 01:38:09.540422,2025-03-07 01:38:09.540759,103
630,"Laptop ASUS Zenbook 14 OLED UX3405MA-PP588W (Core Ultra 5 125H/16GB/512GB/Intel Arc/14"" 3K OLED 120Hz/Windows 11) - Chính hãng",laptop-asus-zenbook-14-oled-ux3405ma-pp588w-chinh-hang,,True,True,True,2025-03-07 01:38:09.540422,2025-03-07 01:38:09.540759,103
631,"Laptop ASUS Zenbook 14 OLED UX3402VA-KM085W (i5-1340P/16GB/512GB/14"" WQXGA+/Windows 11/Kèm túi đựng) - Chính hãng",laptop-asus-zenbook-14-oled-ux3402va-km085w-chinh-hang,,True,True,True,2025-03-07 01:38:09.540422,2025-03-07 01:38:09.540759,103
632,"Laptop ASUS Vivobook 14 X1404VA-NK125W (i5-1335U/8GB/256GB/14"" FHD/Windows 11) - Chính hãng",laptop-asus-vivobook-14-x1404va-nk125w-chinh-hang,,True,True,True,2025-03-07 01:38:09.540422,2025-03-07 01:38:09.540759,103
633,"Laptop ASUS Vivobook 15 OLED A1505VA-L1114W (i5-13500H/16GB/512GB/15.6"" FHD OLED/Windows 11) - Chính hãng",laptop-asus-vivobook-15-oled-a1505va-l1114w-chinh-hang,,True,True,True,2025-03-07 01:38:09.540422,2025-03-07 01:38:09.540759,103
634,"Laptop ASUS Vivobook 15 OLED A1505VA-L1201W (i9-13900H/16GB/512GB /15.6"" FHD OLED/Windows 11) - Chính hãng",laptop-asus-vivobook-15-oled-a1505va-l1201w-chinh-hang,,True,True,True,2025-03-07 01:38:09.540422,2025-03-07 01:38:09.540759,103
635,"Laptop ASUS Vivobook 15X OLED S3504VA-L1226W (i5-1340P/16GB/512GB/15.6"" FHD OLED/Windows 11) - Chính hãng",laptop-asus-vivobook-15x-oled-s3504va-l1266w-chinh-hang,,True,True,True,2025-03-07 01:38:09.540422,2025-03-07 01:38:09.540759,103
636,"Laptop ASUS Vivobook X415EA-EK2043W (i3-1115G4/8GB/256GB/14"" FHD/Windows 11) - Chính hãng",laptop-asus-vivobook-x415ea-ek2043w-chinh-hang,,True,True,True,2025-03-07 01:38:09.540422,2025-03-07 01:38:09.540759,103
637,Laptop ASUS TUF Dash F15 FX517ZR-HN086W,laptop-asus-TUF-Dash-F15-FX517ZR-HN086W-chinh-hang,,True,True,True,2025-03-07 01:38:09.540422,2025-03-07 01:38:09.540759,103
638,"Laptop Asus ROG Zephyrus M16 GU604VI-NM779W (i9-13900H/32GB/1TB/ RTX 4070 8GB/16"" QHD+ MiniLED/Windows 11) – Chính hãng",laptop-asus-rog-Zephyrus-M16-GU604VI-NM779W-chinh-hang,,True,True,True,2025-03-07 01:38:09.540422,2025-03-07 01:38:09.540759,103
639,"Laptop Asus ROG Strix G18 G814JI-N6063W (i9-13980HX/32GB/1TB/RTX 4070 8GB/18"" QHD IPS/Windows 11) – Chính hãng",laptop-asus-rog-strix-g18-g814ji-n6063w-chinh-hang,,True,True,True,2025-03-07 01:38:09.540422,2025-03-07 01:38:09.540759,103
640,"Laptop Asus ExpertBook P2451FA-EK3299T, i3-10110U/4GB/256GB-SSD/14.0FHD/W10SL/ĐEN - Chính hãng",laptop-asus-expertbook-p2451fa-ek3299t-i3-10110u-4gb-256gb-ssd-14-0fhd-w10,,True,True,True,2025-03-07 01:38:09.540422,2025-03-07 01:38:09.540759,103
641,"Laptop Gaming Asus ROG Strix G15 G513RM-HQ055W, R7-6800H/16GB/512GB/RTX3060/15.6WQHD/Win11 - Chính hãng",laptop-gaming-asus-rog-strix-g15-g513rm-hq055w-chinh-hang,,True,True,True,2025-03-07 01:38:09.540422,2025-03-07 01:38:09.540759,103
642,"Laptop ASUS Vivobook 14X M1403QA-LY024W, R7-5800H/8GB/512GB/14.0-WUXGA/Win11/SILVER - Chính hãng",laptop-asus-vivobook-14x-m1403qa-ly024w-r7-5800h-8gb-512gb-14-0-wuxga,,True,True,True,2025-03-07 01:38:09.540422,2025-03-07 01:38:09.540759,103
643,"Laptop ASUS Zenbook 14 UX3402ZA-KM220W (i5-1240P/8GB/512GB/14"" OLED 2.8K/Windows 11) - Chính hãng",laptop-asus-zenbook-14-ux3402za-km220w-i5-1240p-8gb-512gb-14oled2-8k-win11,,True,True,True,2025-03-07 01:38:09.540422,2025-03-07 01:38:09.540759,103
644,"Laptop Asus VivoBook Flip 14 TM420UA-EC182W (R7-5700U/8GB/512GB/14"" FHD/Cảm ứng/Windows 11) - Chính hãng",laptop-asus-vivobook-flip-14-tm420ua-ec182w-r7-5700u-8gb-512gb-pcie,,True,True,True,2025-03-07 01:38:09.540422,2025-03-07 01:38:09.540759,103
645,"Laptop ASUS TUF Gaming A17 FA707RC-HX130W, R7-6800H/8GB/512GB/RTX3050/17.3FHD144Hz/Win11/Jaeger Gray - Chính hãng",laptop-asus-gaming-tuf-a17-fa707rc-hx130w-r7-6800h-8gb-512gb-rtx3050-17-3,,True,True,True,2025-03-07 01:38:09.540422,2025-03-07 01:38:09.540759,103
646,Laptop Gaming Asus Rog Strix G15 G513RC HN038W - R7-6800H/8GB/512GB/4GB RTX3050/15.6 FHD/WIN11/XÁM - Chính hãng,laptop-gaming-asus-rog-strix-g15-g513rc-hn038w-r7-6800h-8gb-512gb,,True,True,True,2025-03-07 01:38:09.540422,2025-03-07 01:38:09.540759,103
647,"Laptop ASUS Vivobook 14X A1403ZA-LY072W (i3-1220P/8GB/256GB/14"" WUXGA/Windows 11) - Chính hãng",laptop-asus-vivobook-14x-a1403za-ly072w-i3-1220p-8gb-256gb-14wuxga-win11-s,,True,True,True,2025-03-07 01:38:09.540422,2025-03-07 01:38:09.540759,103
648,"Laptop Asus TUF Gaming FX507ZC - HN124W - i7 12700H/8GB/512GB/15.6""FHD/RTX 3050 4GB/Win11 - Chính hãng",laptop-asus-tuf-gaming-fx507zc-hn124w-i7-12700h-8gb-512gb-15-6-fhd,,True,True,True,2025-03-07 01:38:09.540422,2025-03-07 01:38:09.540759,103
649,"Laptop ASUS Gaming TUF FX506LHB-HN188W (i5-10300H/8GB/512GB/GTX1650 4GB/15.6"" IPS 144Hz/Windows 10) - Chính hãng",laptop-asus-gaming-tuf-fx506lhb-hn188w-chinh-hang,,True,True,True,2025-03-07 01:38:09.540422,2025-03-07 01:38:09.540759,103
650,Laptop ASUS VivoBook 14X A1403ZA-KM161W (i5-12500H/8GB/256GB PCIE/14.0 WQXGA OLED/WIN11) - Chính hãng,laptop-asus-vivobook-14x-a1403za-km161w-chinh-hang,,True,True,True,2025-03-07 01:38:09.540422,2025-03-07 01:38:09.540759,103
651,"Laptop ASUS Gaming TUF Dash F15 FX517ZE-HN045W (i5-12450H/8GB/512GB/RTX 3050Ti 4GB/15.6"" FHD/Win11) - Chính hãng",laptop-asus-gaming-tuf-dash-f15-fx517ze-hn045w-chinh-hang,,True,True,True,2025-03-07 01:38:09.540422,2025-03-07 01:38:09.540759,103
652,"Laptop Asus VivoBook A415EA-EB1750W - (i3-1125G4/RAM 8GB/256GB/14"" FHD/Win 11 Home) - Chính hãng",laptop-asus-vivobook-a415ea-eb1750w-chinh-hang,,True,True,True,2025-03-07 01:38:09.540422,2025-03-07 01:38:09.540759,103
653,"Máy tính xách tay Asus Vivobook D415DA-EK852T (R3-3250U/4GB/512GB/Radeon/14"" FHD/Win10/Silver) - Chính hãng",may-tinh-xach-tay-asus-vivobook-d415da-ek852t,,True,True,True,2025-03-07 01:38:09.540422,2025-03-07 01:38:09.540759,103
654,Laptop ASUS Vivobook 14 X1404ZA-NK386W (i3-1215U/8GB/512GB/14.0 FHD/WIN11/Xanh) - Chính hãng,laptop-asus-vivobook-14-x1404za-nk386w,,True,True,True,2025-03-07 01:38:09.540422,2025-03-07 01:38:09.540759,103
655,"Laptop ASUS Vivobook S 14 Flip TN3402YA-LZ192W (R5-7530U/16GB/512GB/14"" FHD+ Cảm ứng/Windows 11/Kèm chuột) - Chính hãng",laptop-asus-vivobook-s-14-flip-tn3402ya-lz192w-chinh-hang,,True,True,True,2025-03-07 01:38:09.540422,2025-03-07 01:38:09.540759,103
656,"Laptop ASUS Vivobook S 14 Flip TN3402QA-LZ019W, R5-5600H/8GB/512GB/14WUXGAT/Win11/Silver - Chính hãng",laptop-asus-vivobook-s-14-flip-tn3402qa-lz019w-r5-5600h-8gb-512gb-14wuxgat,,True,True,True,2025-03-07 01:38:09.540422,2025-03-07 01:38:09.540759,103
657,"Laptop Asus Vivobook 15 X1504ZA-NJ517W (i5-1235U/16GB/512GB/15.6""_FHD/Win11/Bạc) - Chính hãng",laptop-asus-vivobook-15-x1504za-nj517w,,True,True,True,2025-03-07 01:38:09.540422,2025-03-07 01:38:09.540759,103
658,"Laptop ASUS VivoBook 15 X1504VA-NJ070W (i5-1335U/16GB/512GB/15.6"" FHD/Windows 11) - Chính hãng",laptop-asus-vivobook-15-x1504va-nj070w-chinh-hang,,True,True,True,2025-03-07 01:38:09.540422,2025-03-07 01:38:09.540759,103
659,Laptop ASUS Vivobook 15 OLED A1505VA-MA469W (I9-13900H/16GB/512GB/15.6 2.8K OLED/Win11/Bạc) - Chính hãng,laptop-asus-vivobook-15-oled-a1505va-ma469w,,True,True,True,2025-03-07 01:38:09.540422,2025-03-07 01:38:09.540759,103
660,Laptop Asus VivoBook S 16 OLED S5606MA-MX051W (Ultra 7-155H/16GB/512GB PCIE/16.0 3.2K OLED/WIN11/Xanh/AI Copilot),laptop-asus-vivobook-s16-oled-s5606ma-mx051w,,True,True,True,2025-03-07 01:38:09.540422,2025-03-07 01:38:09.540759,103
661,"Laptop ASUS Zenbook 14 OLED UX3405MA-PP152W (Core Ultra 7 155H/32GB/1TB/Intel Arc/14"" 3K OLED 120Hz/Windows 11) - Chính hãng",laptop-asus-zenbook-14-oled-ux3405ma-pp152w-chinh-hang,,True,True,True,2025-03-07 01:38:09.540422,2025-03-07 01:38:09.540759,103
662,"Máy tính xách tay Asus Vivobook Flip 14 TM420UA-EC181W (R5-5500U/4GB on board + 4GB/512GB/AMD Radeon /14"" FHD Touch/Win11/Bespoke Black) - Chính hãng",laptop-asus-vivobook-flip-tm420ua-ec181w-chinh-hang,,True,True,True,2025-03-07 01:38:09.540422,2025-03-07 01:38:09.540759,103
663,"Laptop ASUS Zenbook 14 OLED UX3405MA-PP151W (Core Ultra 5 125H/16GB/512GB/Intel Arc/14"" 3K OLED 120Hz/Windows 11) - Chính hãng",laptop-asus-zenbook-14-oled-ux3405ma-pp151w-chinh-hang,,True,True,True,2025-03-07 01:38:09.540422,2025-03-07 01:38:09.540759,103
664,Laptop ASUS Gaming Vivobook K3605ZF-RP634W (i5-12500/16GB/512GB/RTX2050/16 WUXGA/WIN11/Đen) - Chính hãng,asus-gaming-vivobook-k3605zf-rp634w,,True,True,True,2025-03-07 01:38:09.540422,2025-03-07 01:38:09.540759,103
665,"Laptop Asus Gaming Vivobook 16X K3605ZC-RP564W (i5-12500H/16GB/512GB/RTX3050/16"" WUXGA/Win11/Đen) - Chính hãng",laptop-asus-gaming-vivobook-16x-k3605zc-rp564w,,True,True,True,2025-03-07 01:38:09.540422,2025-03-07 01:38:09.540759,103
666,"Máy tính xách tay Asus Vivobook A515EA-BQ1530W (i3-1115G4/4GB/512GB/15.6"" FHD/Win11/Silver) - Chính hãng",may-tinh-xach-tay-asus-vivobook-a515ea-bq1530w,,True,True,True,2025-03-07 01:38:09.540422,2025-03-07 01:38:09.540759,103
667,Laptop ASUS Vivobook GO 15 E1504FA-NJ454W (R5-7520U/16GB/512GB PCIE/15.6 FHD/WIN11/Bạc) - Chính hãng,laptop-asus-vivobook-go-15-e1504fa-nj454w,,True,True,True,2025-03-07 01:38:09.540422,2025-03-07 01:38:09.540759,103
668,Laptop ASUS Vivobook 14 OLED A1405ZA-KM264W (I5-12500H/16GB/512GB PCEI/14.0 2.8K OLED/WIN11/Bạc) - Chính hãng,laptop-asus-vivobook-14-oled-a1405za-km264w,,True,True,True,2025-03-07 01:38:09.540422,2025-03-07 01:38:09.540759,103
669,Laptop Dell Inspiron 3520 N5I5057W1 (i5 1235U/16GB/512GB/15.6 inch FHD/ Win 11/Office24 +365 basic 1 năm/ Silver) - Chính hãng,laptop-dell-inspiron-3520-n5i5057w1,,True,True,True,2025-03-07 01:38:09.540422,2025-03-07 01:38:09.540759,104
670,Laptop Dell Inspiron 3530 N5I7305W1 (i7 1355U/16GB/512GB/ 15.6 inch FHD/ Win 11+Office/ Black) - Chính hãng,laptop-dell-inspiron-3530-n5i7305w1,,True,True,True,2025-03-07 01:38:09.540422,2025-03-07 01:38:09.540759,104
671,Laptop Dell Inspiron 3520 (25P2311) (i5 1235U/8GB/512GB/15.6 inch FHD/Win11/OfficeHS21/Bạc),laptop-dell-inspiron-3520-25p2311,,True,True,True,2025-03-07 01:38:09.540422,2025-03-07 01:38:09.540759,104
672,Laptop Dell Latitude 5550 71047019 (U7-165U/16GB/512GB/15.6 FHD/WIN11/XÁM) - Chính hãng,laptop-dell-latitude-5550-71047019,,True,True,True,2025-03-07 01:38:09.540422,2025-03-07 01:38:09.540759,104
673,Laptop Dell Gaming G15 5530 (71045030) (i7-13650HX/16GB/512GB/RTX 3050/15.6 inch FHD 165Hz/Win 11+ Office/Xám) - Chính hãng,laptop-dell-gaming-g15-5530-71045030,,True,True,True,2025-03-07 01:38:09.540422,2025-03-07 01:38:09.540759,104
674,Laptop Dell XPS 14 9440 (71034921) (Ultra 7 155H/64GB/1TB/RTX 4050/14.5 inch 3.2K Touch/Win 11+Office/Đen) - Chính hãng,laptop-dell-xps-14-9440-71034921,,True,True,True,2025-03-07 01:38:09.540422,2025-03-07 01:38:09.540759,104
675,Laptop Dell XPS 13 9340 (71034922) (Ultra 5 125H/16GB/1TB/Intel Arc/13.4 inch FHD+/Win 11+Office/Bạc) - Chính hãng,laptop-dell-xps-13-9340-71034922,,True,True,True,2025-03-07 01:38:09.540422,2025-03-07 01:38:09.540759,104
676,Laptop Dell Inspiron 15 3520 25P2312 (i5-1235U/16GB/512GB/Intel Iris Xe/15.6 inch FHD/Win 11+Office/Bạc),laptop-dell-inspiron-15-3520-25p2312,,True,True,True,2025-03-07 01:38:09.540422,2025-03-07 01:38:09.540759,104
677,Laptop Dell Inspiron 15 3520 (71043874) (i5-1235U/8GB/512GB/15.6 FHD/Win 11+Office/Đen) - Chính hãng,dell-inspiron-15-3520-71043874,,True,True,True,2025-03-07 01:38:09.540422,2025-03-07 01:38:09.540759,104
678,Laptop Dell Inspiron 3530 (71043888) (i7-1355U/16GB/512GB/15.6 inch FHD/Win 11+ Office/Silver) - Chính hãng,dell-inspiron-3530-71043888,,True,True,True,2025-03-07 01:38:09.540422,2025-03-07 01:38:09.540759,104
679,"Laptop Dell Inspiron 3530 (71043884) (i3-1305U/8GB/512GB/15.6"" FHD/Win 11 + Office/Đen) - Chính hãng",dell-inspiron-3530-71043884,,True,True,True,2025-03-07 01:38:09.540422,2025-03-07 01:38:09.540759,104
680,Laptop Dell Latitude 3550 71047018 (i5 - 1335U/16GB 512GB/15.6 inch FHD/Win 11/Đen) - Chính hãng,laptop-dell-latitude-3550-71047018,,True,True,True,2025-03-07 01:38:09.540422,2025-03-07 01:38:09.540759,104
681,Laptop Dell Inspiron 3530 (71043885) (i5-1334U/16GB/512GB/15.6 inch FHD/Win 11+ Office/Silver) - Chính hãng,dell-inspiron-3530-71043885,,True,True,True,2025-03-07 01:38:09.540422,2025-03-07 01:38:09.540759,104
682,Laptop Dell Inspiron 3530 (71043887) (i5-1334U/8GB/512GB/15.6 inch FHD/Win 11 + Office/Đen) - Chính hãng,dell-inspiron-3530-71043887,,True,True,True,2025-03-07 01:38:09.540422,2025-03-07 01:38:09.540759,104
683,Laptop Dell Latitude 3540 71038100 (i5 1235U/16GB/512GB SSD/15.6 inch FHD/Win11/Black) - Chính hãng,laptop-dell-latitude-3540-71038100,,True,True,True,2025-03-07 01:38:09.540422,2025-03-07 01:38:09.540759,104
684,Laptop Dell Inspiron 3520 (71049019) (i5-1235U/8GB/512GB/15.6 inch FHD/Win 11+ Office/Đen) - Chính hãng,laptop-dell-inspiron-3520-71049019,,True,True,True,2025-03-07 01:38:09.540422,2025-03-07 01:38:09.540759,104
685,Laptop Dell Inspiron 3520 (71045026) (i5-1235U/16GB/512GB/15.6 inch FHD/Win 11 + Office/Đen) - Chính hãng,dell-inspiron-3520-71045026,,True,True,True,2025-03-07 01:38:09.540422,2025-03-07 01:38:09.540759,104
686,Laptop Dell Inspiron 3530 N5I5007W1 (i5 1335U/16GB/512GB/ 15.6inch FHD/ Windows 11 + Office Student/ Silver) - Chính hãng,laptop-dell-inspiron-3530-n5i5007w1,,True,True,True,2025-03-07 01:38:09.540422,2025-03-07 01:38:09.540759,104
687,Laptop Dell Inspiron 16 5640 (N6I7512W1) (CORE 7 150U/16GB/1TB/MX570A 2G/16.0 INCH 2.5K/WIN11+OFFICE HS21/Xanh) - Chính hãng,laptop-dell-inspiron-16-5640-n6i7512w1,,True,True,True,2025-03-07 01:38:09.540422,2025-03-07 01:38:09.540759,104
688,Laptop Dell Inspiron 16 5640 (N6I5419W1) (CORE I5 1334U/16GB/512GB/16.0 INCH FHD+/WIN11+OFFICE HS21/Xanh) - Chính hãng,laptop-dell-inspiron-16-5640-n6i5419w1,,True,True,True,2025-03-07 01:38:09.540422,2025-03-07 01:38:09.540759,104
689,Laptop Dell Inspiron 14 5440 (N4I5211W1) (CORE 5 120U/16GB/512GB/14.0 INCH FHD+/WIN11+OFFICE HS21/Xanh) - Chính hãng,laptop-dell-inspiron-14-5440-n4i5211w1,,True,True,True,2025-03-07 01:38:09.540422,2025-03-07 01:38:09.540759,104
690,Laptop Dell Inspiron 16 5640 (71035923) (Core 5 120U/16GB/1TB/16 inch FHD +/Win 11 + OFFICE HS21/Xanh) - Chính hãng,laptop-dell-inspiron-16-5640-71035923,,True,True,True,2025-03-07 01:38:09.540422,2025-03-07 01:38:09.540759,104
691,"Laptop Dell Inspiron 14 5440 (71034770) (Core 7 150U/16GB/1TB/MX570 2G/14.0"" 2.2K/Win11 + Office HS21/Xanh) - Chính hãng",laptop-dell-inspiron-14-5440-71034770,,True,True,True,2025-03-07 01:38:09.540422,2025-03-07 01:38:09.540759,104
692,"Laptop Dell Inspiron 14 5440 (71034769) (Core 5 120U/16GB/1TB/ 14.0"" FHD+/Win11 + Office HS21/Xanh) - Chính hãng",laptop-dell-inspiron-14-5440-71034769,,True,True,True,2025-03-07 01:38:09.540422,2025-03-07 01:38:09.540759,104
693,"Laptop Dell Inspiron 15 3530 (N5I5791W1) - (i5-1335U/16GB/512GB/15.6"" FHD 120Hz/Windows 11 + Office) - Chính hãng",laptop-dell-inspiron-15-3530-n5i5791w1-chinh-hang,,True,True,True,2025-03-07 01:38:09.540422,2025-03-07 01:38:09.540759,104
694,"Laptop Dell Inspiron 14 7430 (N7430I58W1) - (i5-1335U/8GB/512GB/Intel Iris Xe/14"" FHD+ Cảm ứng/Windows 11 + Office) - Chính hãng",laptop-dell-inspiron-14-7430-n7430i58w1-chinh-hang,,True,True,True,2025-03-07 01:38:09.540422,2025-03-07 01:38:09.540759,104
695,"Laptop Dell Inspiron 14 5430 (N4I5497W1) - (i5-1340P/16GB/512GB/14"" FHD+/Windows 11 + Office) - Chính hãng",laptop-dell-inspiron-14-5430-n4i5497w1-chinh-hang,,True,True,True,2025-03-07 01:38:09.540422,2025-03-07 01:38:09.540759,104
696,"Laptop Dell Inspiron 16 5630 (71020244) - (i5-1335U/8GB/512GB/16"" FHD/Windows 11 + Office) - Chính hãng",laptop-dell-inspiron-16-5630-71020244-chinh-hang,,True,True,True,2025-03-07 01:38:09.540422,2025-03-07 01:38:09.540759,104
697,"Laptop Dell Inspiron 15 3530 (N3530I716W1) - (i7-1355U/16GB/512GB/MX550/15.6"" FHD/Windows 11 + Office) - Chính hãng",laptop-dell-inspiron-15-3530-n3530i716w1-chinh-hang,,True,True,True,2025-03-07 01:38:09.540422,2025-03-07 01:38:09.540759,104
698,"Laptop Dell Inspiron 15 3530 (71026454) - (i7-1355U/16GB/512GB/Intel Iris Xe/15.6"" FHD/Windows 11 + Office) - Chính hãng",laptop-dell-inspiron-15-3530-71026454-chinh-hang,,True,True,True,2025-03-07 01:38:09.540422,2025-03-07 01:38:09.540759,104
699,"Laptop Dell Inspiron 15 3520 (N5I5011W1) - (i5-1235U/16GB/512GB/Intel Iris Xe/15.6"" FHD 120Hz/Windows 11 + Office) - Chính hãng",laptop-dell-inspiron-15-3520-n5i5011w1-chinh-hang,,True,True,True,2025-03-07 01:38:09.540422,2025-03-07 01:38:09.540759,104
700,"Laptop Dell Vostro 14 3430 (71011900) - (i5-1335U/8GB/512GB/14"" FHD/Windows 11 + Office) - Chính hãng",laptop-dell-vostro-14-3430-71011900-chinh-hang,,True,True,True,2025-03-07 01:38:09.540422,2025-03-07 01:38:09.540759,104
701,"Laptop Dell Vostro 14 3430 (71021669) - (i5-1335U/16GB/512GB/14"" FHD/Windows 11 + Office) - Chính hãng",laptop-dell-vostro-14-3430-71021669-chinh-hang,,True,True,True,2025-03-07 01:38:09.540422,2025-03-07 01:38:09.540759,104
702,"Laptop Dell Inspiron 15 3530-71014840 (i5-1335U/8GB/512GB/MX550/15.6"" FHD/Windows 11 + Office H&S) - Chính hãng",laptop-dell-inspiron-15-3530-71014840-chinh-hang,,True,True,True,2025-03-07 01:38:09.540422,2025-03-07 01:38:09.540759,104
703,Laptop Dell Inspiron 16 5620-71003903 (i5-1235U/8GB/512GB/Intel Iris Xe/16'' FHD+/Windows 11 + Office) - Chính hãng,laptop-dell-inspiron-16-5620-71003903-chinh-hang,,True,True,True,2025-03-07 01:38:09.540422,2025-03-07 01:38:09.540759,104
704,"Laptop Dell XPS 13 Plus 9320-5CG56 (i7-1260P/16GB/512GB/Intel Iris Xe/13.4"" 3.5K Cảm ứng/Win11/Office) - Chính hãng",laptop-dell-xps-13-plus-9320-5cg56-i7-1260p-16gb-512gb-intel-iris-xe,,True,True,True,2025-03-07 01:38:09.540422,2025-03-07 01:38:09.540759,104
705,Laptop Dell Inspiron 16 5625 99VP91 R7-5825U/8GD4/512SSD/16.0FHD+/W11SL+OFFICE ST/BẠC - Chính hãng,laptop-dell-inspiron-16-5625-99vp91-r7-5825u-8gd4-512ssd-16-0fhd-w11sl-off,,True,True,True,2025-03-07 01:38:09.540422,2025-03-07 01:38:09.540759,104
706,"Laptop Dell Vostro 15 3530 (V5I3001W1) - (i3-1305U/8GB/256GB/15.6"" FHD 120Hz/Windows 11 + Office) - Chính hãng",dell-vostro-15-3530-v5i3001w1,,True,True,True,2025-03-07 01:38:09.540422,2025-03-07 01:38:09.540759,104
707,Laptop Dell Vostro 15 3530 (80GG93) (I5-1335U/16GB/512GB/15.6FHD 120HZ/Win11+OFFICEHS21/Xám) - Chính hãng,laptop-dell-vostro-15-3530-80gg93,,True,True,True,2025-03-07 01:38:09.540422,2025-03-07 01:38:09.540759,104
708,"Laptop Dell Vostro 15 3530 (V5I3465W1) - (i3-1305U/8GB/512GB/15.6"" FHD 120Hz/Windows 11 + Office) - Chính hãng",laptop-dell-vostro-15-3530-v5i3465w1-chinh-hang,,True,True,True,2025-03-07 01:38:09.540422,2025-03-07 01:38:09.540759,104
709,"Laptop Dell Vostro 3520 (71030559) - (i5-1235U/16GB/512GB/15.6"" FHD 120Hz/Windows 11 + Office) - Chính hãng",laptop-dell-vostro-3520-71030559-chinh-hang,,True,True,True,2025-03-07 01:38:09.540422,2025-03-07 01:38:09.540759,104
710,Laptop Dell Inspiron 14 5440 (N4I7204W1) (CORE 7 150U/16GB/512GB/14.0 INCH FHD+/WIN11+OFFICE HS21/Xanh) - Chính hãng,laptop-dell-inspiron-14-5440-n4i7204w1,,True,True,True,2025-03-07 01:38:09.540422,2025-03-07 01:38:09.540759,104
711,"Laptop Dell Inspiron 15 3520 (71027003) - (i5-1235U/8GB/512GB/15.6"" FHD/Windows 11 + Office) - Chính hãng",laptop-dell-inspiron-15-3520-71027003-chinh-hang,,True,True,True,2025-03-07 01:38:09.540422,2025-03-07 01:38:09.540759,104
712,Laptop Dell Inspiron 3520 (N5I5052W1) (I5 1235U/ 16GB/ 512GB/15.6 inch FHD/Win 11 Home + Office 21/ Xám) - Chính hãng,laptop-dell-inspiron-15-3520-n5i5052w1,,True,True,True,2025-03-07 01:38:09.540422,2025-03-07 01:38:09.540759,104
713,Laptop Dell Inspiron 15 3530 (N5I5340W1) (I5 1334U/16GB/512GB SSD/15.6 Inch FHD/Win 11 Home + Office 21/Xám) - Chính hãng,laptop-dell-inspiron-15-3530-n5i5340w1,,True,True,True,2025-03-07 01:38:09.540422,2025-03-07 01:38:09.540759,104
714,Laptop HP Pavilion 15-EG2082TU (7C0Q5PA) (i5-1240P/8GB/512GB/15.6 FHD/WIN11/Vàng) - Chính hãng,laptop-hp-pavilion-15-eg2082tu-7c0q5pa,,True,True,True,2025-03-07 01:38:09.540422,2025-03-07 01:38:09.540759,105
715,"Laptop HP 15-FD0083TU (8D736PA) (I7-1355U/16GB RAM/512GB SSD/15.6"" FHD/WIN11/Bạc)- Chính hãng",hp-15-fd0083tu-8d736pa,,True,True,True,2025-03-07 01:38:09.540422,2025-03-07 01:38:09.540759,105
716,Laptop HP Pavilion 15-EG3092TU (8C5L3PA) (i7-1355U/8GB/512GB/15.6 inch FHD/Win11/ Gold) - Chính hãng,hp-pavilion-15-eg3092tu-8c5l3pa,,True,True,True,2025-03-07 01:38:09.540422,2025-03-07 01:38:09.540759,105
717,"Laptop Gaming HP Victus 15-fb1023AX (94F20PA) - (Ryzen 5 7535HS/8GB/512GB/RTX 2050/15.6"" FHD/Windows 11) - Chính hãng",laptop-gaming-hp-victus-15-fb1023ax-94f20pa-chinh-hang,,True,True,True,2025-03-07 01:38:09.540422,2025-03-07 01:38:09.540759,105
718,"Laptop Gaming HP Victus 15-fa1087TX (8C5M4PA) - (i7-13620H/16GB/512GB/RTX 3050/15.6"" FHD/Windows 11) - Chính hãng",laptop-gaming-hp-victus-15-fa1087tx-8c5m4pa-chinh-hang,,True,True,True,2025-03-07 01:38:09.540422,2025-03-07 01:38:09.540759,105
719,"Laptop HP ENVY x360 13-bf0114TU (7C0P0PA) - (i5-1230U/8GB/512GB/13.3"" OLED Cảm ứng/Windows 11/Bút) - Chính hãng",laptop-hp-envy-x360-13-bf0114tu-7c0p0pa-chinh-hang,,True,True,True,2025-03-07 01:38:09.540422,2025-03-07 01:38:09.540759,105
720,"Laptop HP Pavilion 15-eg2081TU (7C0Q4PA) - (i5-1240P/16GB/512GB/15.6"" FHD IPS/Windows 11) - Chính hãng",laptop-hp-pavilion-15-eg2081tu-7c0q4pa-chinh-hang,,True,True,True,2025-03-07 01:38:09.540422,2025-03-07 01:38:09.540759,105
721,"Laptop HP Pavilion 15-eg2088TU (7C0R0PA) - (i7-1260P/16GB/512GB/15.6"" FHD IPS/Windows 11) - Chính hãng",laptop-hp-pavilion-15-eg2088tu-7c0r0pa-chinh-hang,,True,True,True,2025-03-07 01:38:09.540422,2025-03-07 01:38:09.540759,105
722,"Laptop HP ENVY x360 13-bf0090TU (76B13PA) - (i7-1250U/16GB/512GB/13.3"" 2.8K OLED Cảm ứng/Windows 11/Bút) - Chính hãng",laptop-hp-envy-x360-13-bf0090tu-76b13pa-chinh-hang,,True,True,True,2025-03-07 01:38:09.540422,2025-03-07 01:38:09.540759,105
723,"Laptop HP Pavilion 14-dv2075TU (7C0W2PA) - (i5-1235U/8GB/512GB /14"" FHD/Windows 11) - Chính hãng",laptop-hp-pavilion-14-dv2075tu-7c0w2pa-chinh-hang,,True,True,True,2025-03-07 01:38:09.540422,2025-03-07 01:38:09.540759,105
724,"Laptop HP 15-fd0081TU (8D734PA) - (i5-1335U/8GB/512GB/15.6"" FHD/Windows 11) - Chính hãng",laptop-hp-15-fd0081tu-8d734pa-chinh-hang,,True,True,True,2025-03-07 01:38:09.540422,2025-03-07 01:38:09.540759,105
725,"Laptop HP 15-fd0079TU (8D732PA) - (i5-1335U/16GB/512GB/15.6"" FHD/Windows 11) - Chính hãng",laptop-hp-15-fd0079tu-8d732pa-chinh-hang,,True,True,True,2025-03-07 01:38:09.540422,2025-03-07 01:38:09.540759,105
726,"Laptop HP Pavilion 15-eg3091TU (8C5L2PA) - (i7-1355U/16GB/512GB/15.6"" FHD/Windows 11) - Chính hãng",laptop-hp-pavilion-15-eg3091tu-8c5l2pa-chinh-hang,,True,True,True,2025-03-07 01:38:09.540422,2025-03-07 01:38:09.540759,105
727,"Laptop HP 14s-ep0112TU (8C5L1PA) - (i5-1335U/16GB/512GB/14"" FHD/Windows 11) - Chính hãng",laptop-hp-14s-ep0112tu-8c5l1pa-chinh-hang,,True,True,True,2025-03-07 01:38:09.540422,2025-03-07 01:38:09.540759,105
728,"Laptop HP 14s-ep0128TU (8U6L5PA) - (i5-1335U/8GB/512GB/14"" FHD/Windows 11) - Chính hãng",laptop-hp-14s-ep0128tu-8u6l5pa-chinh-hang,,True,True,True,2025-03-07 01:38:09.540422,2025-03-07 01:38:09.540759,105
729,"Laptop HP 15s-fq5159TU (7C0S0PA) - (i7-1255U/8GB/256GB/15.6"" FHD/Windows 11) - Chính hãng",laptop-hp-15s-fq5159tu-7c0s0pa-chinh-hang,,True,True,True,2025-03-07 01:38:09.540422,2025-03-07 01:38:09.540759,105
730,"Laptop HP 14s dq2644TU-7C0W6PA (i3-1115G4/8GB/256GB/14"" FHD/Windows 11) - Chính hãng",laptop-hp-14s-dq2644tu-7c0w6pa-chinh-hang,,True,True,True,2025-03-07 01:38:09.540422,2025-03-07 01:38:09.540759,105
731,"Laptop HP ProBook 450 G9 - 6M103PA, i7-1260P/8GB/512GB/Intel Graphics/15.6""FHD/Win11Home - Chính hãng",laptop-hp-probook-450-g9-6m103pa-chinh-hang,,True,True,True,2025-03-07 01:38:09.540422,2025-03-07 01:38:09.540759,105
732,"Laptop Gaming HP Victus 15-fa0115TX 7C0X1PA, i5-12500H/8GB/512GB/RTX3050/15.6FHD144HZ/W11SL/ĐEN",laptop-hp-pavilion-15-fa0115TX-7C0X1PA-chinh-hang,,True,True,True,2025-03-07 01:38:09.540422,2025-03-07 01:38:09.540759,105
733,"Laptop HP Pavilion 15-eg2085TU- 7C0Q7PA, i5-1240P/8GB/256GB/15.6FHD/W11SL/Bạc - Chính hãng",laptop-hp-pavilion-15-eg2085tu-7c0q7pa-chinh-hang,,True,True,True,2025-03-07 01:38:09.540422,2025-03-07 01:38:09.540759,105
734,"Laptop HP Pavilion 15-eg2063TX 7C0Q2PA, i5-1235U/8GB/512GB/MX550/15.6FHD/WIN11/BẠC - Chính hãng",laptop-hp-pavilion-15-eg2063tx-7c0q2pa-i5-1235u-8gb-512gb-mx550-15-6fhd,,True,True,True,2025-03-07 01:38:09.540422,2025-03-07 01:38:09.540759,105
735,"Laptop HP Pavilion 15 eg2087TU-7C0Q9PA (i3-1215U/8GB/256GB/15.6"" FHD/Windows 11) - Chính hãng",laptop-hp-pavilion-15-eg2087tu-7c0q9pa-i3-1215u-8gb-256gb-15-6fhd-w11sl,,True,True,True,2025-03-07 01:38:09.540422,2025-03-07 01:38:09.540759,105
736,"Laptop HP Pavilion 14-dv2072TU-7C0W1PA, i7-1255U/8GB/512GB/Intel Graphics,14""FHD/Win11 Home 64/Vàng - Chính hãng",laptop-hp-pavilion-14-dv2072tu-7c0w1pa-i7-1255u-8gb-512gb-intel-graphics,,True,True,True,2025-03-07 01:38:09.540422,2025-03-07 01:38:09.540759,105
737,"Laptop HP Pavilion 14-dv2077TU-7C0W3PA, i5-1235U/256GB/Intel Graphics,14""FHD/Win11 Home 64/Bạc - Chính hãng",laptop-hp-pavilion-14-dv2077tu-7c0w3pa-i5-1235u-256gb-intel-graphics-14-fh,,True,True,True,2025-03-07 01:38:09.540422,2025-03-07 01:38:09.540759,105
738,"Laptop HP Pavilion 15-eg2035TX 6K781PA (i5-1235U/8GB/512GB/15.6"" FHD/MX550 2GB/Windows 11) - Chính hãng",laptop-hp-pavilion-15-eg2035tx-6k781pa-i5-1235u-8gb-512gb-pcie-15-6-fhd-vg,,True,True,True,2025-03-07 01:38:09.540422,2025-03-07 01:38:09.540759,105
739,Laptop HP Envy 16-h0033TX 6K7F9PA-i9-12900H/16GB/512GB/RTX3060/16.0120Hz/W11SL/Bạc - Chính hãng,laptop-hp-envy-16-h0033tx-6k7f9pa-i9-12900h-16gb-512gb-rtx3060-16-0120hz,,True,True,True,2025-03-07 01:38:09.540422,2025-03-07 01:38:09.540759,105
740,Laptop HP Elitebook 630 G9-6M142PA- i5-1235U/8GB/256GB/13.3FHD/W11SL/LED_KB/BẠC - Chính hãng,laptop-hp-elitebook-630-g9-6m142pa-i5-1235u-8gb-256gb-13-3fhd-w11sl,,True,True,True,2025-03-07 01:38:09.540422,2025-03-07 01:38:09.540759,105
741,"Laptop HP Pavilion 15 eg2038TX-6K784PA (i5-1235U/8GB/256GB/MX550/15.6"" FHD/Windows 11) - Chính hãng",laptop-hp-pavilion-15-eg2058tu-6k784pa-chinh-hang,,True,True,True,2025-03-07 01:38:09.540422,2025-03-07 01:38:09.540759,105
742,"Laptop HP Pavilion 15-eg3094TU (8C5L5PA) - (i5-1335U/8GB/512GB/15.6"" FHD/Windows 11) - Chính hãng",laptop-hp-pavilion-15-eg3094tu-8c5l5pa-chinh-hang,,True,True,True,2025-03-07 01:38:09.540422,2025-03-07 01:38:09.540759,105
743,"Laptop HP Pavilion 15-eg3093TU (8C5L4PA) - (i5-1335U/16GB/512GB/15.6"" FHD/Windows 11)- Chính hãng",laptop-hp-pavilion-15-eg3093tu-8c5l4pa-chinh-hang,,True,True,True,2025-03-07 01:38:09.540422,2025-03-07 01:38:09.540759,105
744,"Laptop Gaming HP Victus 15-fa1155TX (952R1PA) - (i5-12450H/8GB/512GB/RTX 2050/15.6"" FHD 144Hz/Windows 11) - Chính hãng",laptop-gaming-hp-victus-15-fa1155tx-952r1pa-chinh-hang,,True,True,True,2025-03-07 01:38:09.540422,2025-03-07 01:38:09.540759,105
745,"Laptop HP Pavilion x360 14-ek2013TU 9Z2V4PA (Core 7 150U/16GB/ 512GB/ 14"" FHD Touch/Win11/ Silver/ Pen) - Chính hãng",hp-pavilion-x360-14-ek2013tu-9z2v4pa,,True,True,True,2025-03-07 01:38:09.540422,2025-03-07 01:38:09.540759,105
746,"Laptop HP Pavilion x360 14-ek2017TU 9Z2V5PA (Core 5 120U/16GB/512GB/ 14"" FHD Touch/ Win11/ Silver/ Pen) - Chính hãng",hp-pavilion-x360-14-ek2017tu-9z2v5pa,,True,True,True,2025-03-07 01:38:09.540422,2025-03-07 01:38:09.540759,105
747,"Laptop HP 14-EP1009TU (9Z2W2PA) (CORE 5 120U/16GB/1TB/14"" FHD/WIN11/Bạc) - Chính hãng",hp-14-ep1009tu-9z2w2pa,,True,True,True,2025-03-07 01:38:09.540422,2025-03-07 01:38:09.540759,105
748,"Laptop HP 14s-DQ5121TU (8W355PA) (i3-1215U/8GB/512GB/14"" FHD/Win11/Silver) - Chính hãng",hp-14s-dq5121tu-8w355pa,,True,True,True,2025-03-07 01:38:09.540422,2025-03-07 01:38:09.540759,105
749,"Laptop HP 15s-fq5160TU (7C0S1PA) - (i5-1235U/16GB/512GB/15.6"" FHD/Windows 11) - Chính hãng",laptop-hp-15s-fq5160tu-7c0s1pa-chinh-hang,,True,True,True,2025-03-07 01:38:09.540422,2025-03-07 01:38:09.540759,105
750,"Laptop HP 14s-dq5122TU (8W356PA) - (i3-1215U/8GB/256GB/14"" FHD/Windows 11) - Chính hãng",laptop-hp-14s-dq5122tu-8w356pa-chinh-hang,,True,True,True,2025-03-07 01:38:09.540422,2025-03-07 01:38:09.540759,105
751,"Laptop HP 15-FD0237TU (9Q972PA) (i5-1334U/ 8GB/ 512GB/15.6"" FHD/Win11/ Bạc) - Chính hãng",hp-15-fd0237tu-9q972pa,,True,True,True,2025-03-07 01:38:09.540422,2025-03-07 01:38:09.540759,105
752,"Laptop HP 15-FD0305TU (A2NL6PA) (I3-1315U/8GB/256GB/15.6"" FHD/WIN11/Vàng) - Chính hãng",hp-15-fd3035tu-a2nl6pa,,True,True,True,2025-03-07 01:38:09.540422,2025-03-07 01:38:09.540759,105
753,Laptop HP Envy 16-h0034TX 6K7G0PA-i7-12700H/16GB/512GB/RTX 3060 6GB/16 Inch 120Hz- Chính hãng,laptop-hp-envy-16-h0034tx-6k7g0pa-i7-12700h-16gb-512gb-rtx-3060-6gb-16-inch,,True,True,True,2025-03-07 01:38:09.540422,2025-03-07 01:38:09.540759,105
754,"Laptop HP 15-FD0235TU (9Q970PA) (i5-1334U/16GB/512GB/15.6"" FHD/Win11/ Bạc) - Chính hãng",hp-15-fd0235tu-9q970pa,,True,True,True,2025-03-07 01:38:09.540422,2025-03-07 01:38:09.540759,105
755,"Laptop HP 15s-fq5231TU (8U241PA) - (i3-1215U/8GB/256GB/15.6"" FHD/Windows 11) - Chính hãng",laptop-hp-15s-fq5231tu-8u241pa-chinh-hang,,True,True,True,2025-03-07 01:38:09.540422,2025-03-07 01:38:09.540759,105
756,"Laptop HP Pavilion 15-eg2083TU (7C0W9PA) - (i5-1240P/8GB/512GB/15.6"" FHD/Windows 11) - Chính hãng",laptop-hp-pavilion-15-eg2083tu-7c0w9pa-chinh-hang,,True,True,True,2025-03-07 01:38:09.540422,2025-03-07 01:38:09.540759,105
757,Laptop Lenovo Ideapad Slim 5 14IMH9 83DA001YVN (Ultra 7 155H/32GB/512GB/14 inch WUXGA OLED/Win 11/Xám) - Chính hãng,laptop-lenovo-ideapad-slim-5-14imh9-83da001yvn,,True,True,True,2025-03-07 01:38:09.540422,2025-03-07 01:38:09.540759,106
758,Laptop Lenovo IdeaPad Slim 3 14IRH10 83K00008VN ( i5-13420H/16GB/512GB/14 inch WUXGA/Win 11/Xám) - Chính hãng,laptop-lenovo-ideapad-slim-3-14irh10-83k00008vn,,True,True,True,2025-03-07 01:38:09.540422,2025-03-07 01:38:09.540759,106
759,Laptop Lenovo LOQ 15IRX9 83DV00UGVN (i7-13650HX/24GB/512GB/ RTX 4050/15.6 inch FHD 144Hz/Win 11/Xám) - Chính hãng,laptop-lenovo-loq-15irx9-83dv00ugvn,,True,True,True,2025-03-07 01:38:09.540422,2025-03-07 01:38:09.540759,106
760,"Laptop Gaming Lenovo LOQ Essential 15IAX9E - 83LK0036VN (i5-12450HX/12GB/512GB SSD/RTX3050/ 15.6"" FHD 144Hz/Win 11) - Chính hãng",laptop-gaming-lenovo-loq-essential-15iax9e-83lk0036vn,,True,True,True,2025-03-07 01:38:09.540422,2025-03-07 01:38:09.540759,106
761,Laptop Lenovo IdeaPad Slim 5 14IRH10 83HR0001VN (i5-13420H/32GB/1TB/14inch WUXGA/Win 11/ Xám) - Chính hãng,laptop-lenovo-ideapad-slim-5-14irh10-83hr0001vn,,True,True,True,2025-03-07 01:38:09.540422,2025-03-07 01:38:09.540759,106
762,Laptop Lenovo IdeaPad Slim 5 15ARP10 83J3001DVN (7-7735HS/16GB/512GB/AMD Radeon™ 680M/15.1inch WQXGA/Win 11/Xám) - Chính hãng,laptop-lenovo-ideapad-slim-5-15arp10-83j3001dvn,,True,True,True,2025-03-07 01:38:09.540422,2025-03-07 01:38:09.540759,106
763,Laptop Lenovo IdeaPad Slim 3 14IRH10 83K00007VN (I7-13620H/16GB/512GBs/14 inch WUXGA/Win 11/Xám) - Chính hãng,laptop-lenovo-ideapad-slim-3-14irh10-83k00007vn,,True,True,True,2025-03-07 01:38:09.540422,2025-03-07 01:38:09.540759,106
764,Laptop Lenovo Ideapad Slim 3 15ABR8 (82XM00MDVN) (R5-5625U/16GB/512GB/15.6 FHD/Win 11/Xám) - Chính hãng,laptop-lenovo-ideapad-slim-3-15abr8-82xm00mdvn,,True,True,True,2025-03-07 01:38:09.540422,2025-03-07 01:38:09.540759,106
765,Laptop Lenovo ThinkBook 14 G7 IML 21MR006WVN (Ultra 5 125U/16GB/512GB/14 inch WUXGA/No OS/Xám) - Chính hãng,laptop-lenovo-thinkbook-14-g7-iml-21mr006wvn,,True,True,True,2025-03-07 01:38:09.540422,2025-03-07 01:38:09.540759,106
766,Laptop Gaming Lenovo LOQ 15IAX9 (i5-12450HX/16GB/512GB/15.6 FHD/RTX3050/15.6 FHD 144Hz/Win11/Xám) - Chính hãng,laptop-gaming-lenovo-loq-15iax9-83gs000jvn,,True,True,True,2025-03-07 01:38:09.540422,2025-03-07 01:38:09.540759,106
767,"Laptop Lenovo LOQ 15IAX9 (83GS001RVN) - (i5-12450HX/12GB/512GB/RTX 3050/15.6"" FHD/Windows 11) - Chính hãng",laptop-lenovo-loq-15iax9-83gs001rvn-chinh-hang,,True,True,True,2025-03-07 01:38:09.540422,2025-03-07 01:38:09.540759,106
768,Laptop Lenovo IdeaPad Slim 3 15ABR8 (82XM00EHVN) (R7-7730U/16GB/512GB/15.6 FHD/WIN11/XÁM) - Chính hãng,laptop-lenovo-ideapad-slim-3-15abr8-82xm00ehvn,,True,True,True,2025-03-07 01:38:09.540422,2025-03-07 01:38:09.540759,106
769,Laptop Lenovo IdeaPad Slim 5 14Q8X9 (83HL000KVN) (Snapdragon X1P42100/16GB/512GB/14 WUXGA/Win11/Xám) - Chính hãng,laptop-lenovo-ideapad-slim-5-14q8x9-83hl000kvn,,True,True,True,2025-03-07 01:38:09.540422,2025-03-07 01:38:09.540759,106
770,Laptop Gaming Lenovo LOQ 15IRX9 (83DV00D5VN) (i7-13650HX/RTX4050/16GB/512GB/15.6 FHD 144Hz/Win11/Xám) - Chính hãng,laptop-gaming-lenovo-loq-15irx9-83dv00d5vn,,True,True,True,2025-03-07 01:38:09.540422,2025-03-07 01:38:09.540759,106
771,"Laptop Lenovo ThinkBook 16 G6 IRL 21KH00Q0VN (i5-13420H/16GB/512GB/16"" WUXGA/WIN11/XÁM) - Chính hãng",laptop-lenovo-thinkbook-16-g6-irl-21kh00q0vn,,True,True,True,2025-03-07 01:38:09.540422,2025-03-07 01:38:09.540759,106
772,Laptop Lenovo V14 G4 IRU 83A000BHVN (i5-13420H/ 16GB/ 512GB/ 14 inch FHD/ Win11/ Grey) - Chính hãng,laptop-lenovo-v14-g4-iru-83a000bhvn,,True,True,True,2025-03-07 01:38:09.540422,2025-03-07 01:38:09.540759,106
773,Laptop Gaming Lenovo LOQ 15ARP9 83JC003YVN (R7 7435HS/ 24GB/512GB/RTX 4060 /15.6 inch FHDWin 11/Xám) - Chính hãng,laptop-gaming-lenovo-loq-15arp9-83jc003yvn,,True,True,True,2025-03-07 01:38:09.540422,2025-03-07 01:38:09.540759,106
774,Laptop Lenovo ThinkBook 14 G6 IRL 21KG00RDVN (i5-13420H/ 16GB/ 512GB/ 14 inch WUXGA/ Win11/ Grey),laptop-lenovo-thinkbook-14-g6-irl-21kg00rdvn,,True,True,True,2025-03-07 01:38:09.540422,2025-03-07 01:38:09.540759,106
775,Laptop Lenovo Ideapad Slim 5 14IMH9 83DA001NVN (Ultra 5 125H/16GB/512GB/Intel® Arc™/14 inch WUXGA OLED/Win 11/Xám) - Chính hãng,laptop-lenovo-ideapad-slim-5-14imh9-83da001nvn,,True,True,True,2025-03-07 01:38:09.540422,2025-03-07 01:38:09.540759,106
776,Laptop Lenovo IdeaPad Slim 5 16IMH9 83DC001RVN (Ultra 5 125H/16GB/512GB/Intel Arc/16 inch 2K OLED/Win 11/Xám) - Chính hãng,laptop-lenovo-ideapad-slim-5-16imh9-83dc001rvn-chinh-hang,,True,True,True,2025-03-07 01:38:09.540422,2025-03-07 01:38:09.540759,106
777,Laptop Lenovo IdeaPad 5 14IAL7 82SD006PVN (i5-1235U/8GB/512GB/Intel Iris Xe/14 inch FHD/Win 11/Xanh) - Chính hãng,lenovo-ideapad-5-14ial7-82sd006pvn,,True,True,True,2025-03-07 01:38:09.540422,2025-03-07 01:38:09.540759,106
778,Laptop Lenovo ThinkBook 16 G6 ABP (21KK005XVN) (R5-7530U/16GB/512GB/16 inch WQXGA-IPS/Win11/Xám) - Chính hãng,laptop-lenovo-thinkbook-16-g6-abp-21kk005xvn,,True,True,True,2025-03-07 01:38:09.540422,2025-03-07 01:38:09.540759,106
779,Laptop Lenovo IdeaPad Slim 5 16IMH9 (83DC001SVN) (U7-155H/32GB/512GB/Intel Arc/16 inch 2K OLED/Win 11/Màu Xám),laptop-lenovo-ideapad-slim-5-16imh9-83dc001svn,,True,True,True,2025-03-07 01:38:09.540422,2025-03-07 01:38:09.540759,106
780,Laptop Lenovo LOQ 15IAX9 83FQ0005VN (i5-12450HX/16GB/512GB/Arc A530M/15.6 inch FHD/Win 11/Xám) - Chính hãng,laptop-lenovo-loq-15iax9-83fq0005vn,,True,True,True,2025-03-07 01:38:09.540422,2025-03-07 01:38:09.540759,106
781,Lenovo V15 G4 IRU (83A1000BVN) (i3-1315U/8GB/256GB/15.6 inch FHD/Non OS/Xám) - Chính hãng,laptop-lenovo-v15-g4-iru-83a1000bvn,,True,True,True,2025-03-07 01:38:09.540422,2025-03-07 01:38:09.540759,106
782,Laptop Lenovo ThinkPad E14 Gen 5 21JK00H5VN ( i5-13420H/16GB/512GB/14inch WUXGA/Win 11/Đen) - Chính hãng,laptop-lenovo-thinkpad-e14-gen-5-21jk00h5vn,,True,True,True,2025-03-07 01:38:09.540422,2025-03-07 01:38:09.540759,106
783,"Laptop Lenovo IdeaPad 1 15AMN7 (82VG0061VN) - (Ryzen 5 7520U/8GB/256GB/Radeon 610M/15.6"" FHD/Windows 11) - Chính hãng",lenovo-ideapad-1-15amn7-82vg0061vn,,True,True,True,2025-03-07 01:38:09.540422,2025-03-07 01:38:09.540759,106
784,"Laptop Lenovo LOQ 15IRH8 (82XV00QXVN) - (i7-13620H/16GB/512GB/RTX 4050/15.6"" FHD144Hz/Windows 11) - Chính hãng",laptop-lenovo-loq-15irh8-82xv00qxvn-chinh-hang,,True,True,True,2025-03-07 01:38:09.540422,2025-03-07 01:38:09.540759,106
785,"Laptop Lenovo IdeaPad 1 15AMN7 (82VG0022VN) - (Ryzen 5 7520U/8GB/512GB/Radeon 610M/15.6"" FHD/Windows 11) - Chính hãng",laptop-lenovo-ideapad-1-15amn7-82vg0022vn-chinh-hang,,True,True,True,2025-03-07 01:38:09.540422,2025-03-07 01:38:09.540759,106
786,"Laptop Lenovo LOQ 15IRH8 (82XV00QPVN) - (i5-12450H/16GB/512GB/RTX 2050/15.6"" FHD IPS 144Hz/Windows 11) - Chính hãng",laptop-lenovo-loq-15irh8-82vx00qpvn-chinh-hang,,True,True,True,2025-03-07 01:38:09.540422,2025-03-07 01:38:09.540759,106
787,"Laptop Lenovo ThinkBook 14 G6 IRL (21KG00BXVN) - (i5-13500H/16GB/512GB/Intel Iris Xe/14"" WUXGA IPS/Windows 11) - Chính hãng",laptop-lenovo-thinkbook-14-g6-irl-21kg00bxvn-chinh-hang,,True,True,True,2025-03-07 01:38:09.540422,2025-03-07 01:38:09.540759,106
788,"Laptop Lenovo Ideapad Slim 5 14ILR8 (82XD002VVN) - (i5-13500H/16GB/512GB/14"" WUXGA OLED/Windows 11) - Chính hãng",laptop-lenovo-ideapad-slim-5-14ilr8-82xd002vvn-chinh-hang,,True,True,True,2025-03-07 01:38:09.540422,2025-03-07 01:38:09.540759,106
789,"Laptop Lenovo Ideapad 3 14IAU7 (82RJ000HVN) - (i3-1215U/8GB/512GB/14"" FHD/Windows 11) - Chính hãng",laptop-lenovo-ideapad-3-14iau7-82rj000hvn-chinh-hang,,True,True,True,2025-03-07 01:38:09.540422,2025-03-07 01:38:09.540759,106
790,"Laptop Lenovo LOQ 15IRH8 - 82XV000PVN (i5-13420H/8GB/512GB/RTX 4050/15.6"" FHD IPS 144Hz/Windows 11) - Chính hãng",laptop-lenovo-loq-15irh8-82xv000pvn-chinh-hang,,True,True,True,2025-03-07 01:38:09.540422,2025-03-07 01:38:09.540759,106
791,"Laptop Lenovo Ideapad Slim 5 16IAH8-83BG001XVN (i5-12450H/16GB/512GB/16"" WUXGA/Windows 11) - Chính hãng",laptop-lenovo-ideapad-slim-5-16iah8-83bg001xvn-chinh-hang,,True,True,True,2025-03-07 01:38:09.540422,2025-03-07 01:38:09.540759,106
792,"Laptop Lenovo IdeaPad Gaming 3 15ACH6-82K2027QVN (Ryzen 5 5500H/8GB/512GB/RTX 2050/15.6"" FHD 144Hz/Windows 11) - Chính hãng",laptop-lenovo-ideapad-gaming-3-15ach6-82k2027qvn-chinh-hang,,True,True,True,2025-03-07 01:38:09.540422,2025-03-07 01:38:09.540759,106
793,Laptop Lenovo V14 G3 IAP 82TSA071VN (i3-1215U/4GB/256GB/14'' FHD) - Chính hãng,laptop-lenovo-v14-g3-iap-82tsa071vn-chinh-hang,,True,True,True,2025-03-07 01:38:09.540422,2025-03-07 01:38:09.540759,106
794,"Laptop Lenovo IdeaPad Slim 3 15IAH8-83ER000BVN (i5-12450H/8GB/512GB/15.6"" FHD/Windows 11) - Chính hãng",laptop-lenovo-ideapad-slim-3-15iah8-83er000bvn-chinh-hang,,True,True,True,2025-03-07 01:38:09.540422,2025-03-07 01:38:09.540759,106
795,"Laptop Lenovo ThinkPad E14 Gen 4 - 21E300E4VN - (i7-1255U/8GB/256GB/14"" FHD/Windows 11) - Chính hãng",laptop-lenovo-thinkpad-e14-gen-4-21e300e4vn-chinh-hang,,True,True,True,2025-03-07 01:38:09.540422,2025-03-07 01:38:09.540759,106
796,"Laptop Lenovo ThinkBook 15 Gen 4 - 21DJ00CWVN (i7-1255U/8GB/512GB/15.6"" FHD/Windows 11) - Chính hãng",laptop-lenovo-thinkbook-15-gen-4-21dj00cwvn-chinh-hang,,True,True,True,2025-03-07 01:38:09.540422,2025-03-07 01:38:09.540759,106
797,"Laptop Lenovo IdeaPad 5 Pro 16ARH7-82SN003JVN (R5-6600HS/16GB/512GB/RTX 3050/16"" 2.5K IPS/Windows 11) - Chính hãng",laptop-lenovo-ideapad-5-pro-16arh7-82sn003jvn-chinh-hang,,True,True,True,2025-03-07 01:38:09.540422,2025-03-07 01:38:09.540759,106
798,"Laptop Lenovo IdeaPad 5 15ABA7-82SG007KVN (R5-5625U/8GB/512GB/AMD Radeon Graphics/15.6"" FHD/Windows 11) - Chính hãng",laptop-lenovo-ideapad-3-15aba7-82sg007kvn-chinh-hang,,True,True,True,2025-03-07 01:38:09.540422,2025-03-07 01:38:09.540759,106
799,"Laptop Lenovo IdeaPad 3 14IAU7-82RJ009MVN (i3-1215U/8GB/256GB/Intel UHD Graphics/14"" FHD/Windows 11) - Chính hãng",laptop-lenovo-ideapad-3-14iau7-82rj009mvn-chinh-hang,,True,True,True,2025-03-07 01:38:09.540422,2025-03-07 01:38:09.540759,106
800,Laptop Lenovo IdeaPad 3 15ABA7-82RN006YVN- R7-5825U/8GB/512GB/15.6FHD/W11H,laptop-lenovo-ideapad-3-15aba7-82rn006yvn-r7-5825u-8gb-512gb-15-6fhd-w11h,,True,True,True,2025-03-07 01:38:09.540422,2025-03-07 01:38:09.540759,106
801,"Laptop Lenovo ThinkPad E16 Gen 1 (21JN006PVN) - (i5-1335U/8GB/512GB/16"" WUXGA IPS/Cảm biến vân tay/Windows 11) - Chính hãng",laptop-lenovo-thinkpad-e16-gen-1-21jn006pvn-chinh-hang,,True,True,True,2025-03-07 01:38:09.540422,2025-03-07 01:38:09.540759,106
802,"Laptop Lenovo V14 G4 IAH (83FR000UVN) - (i5-12500H/16GB/512GB/14"" FHD/Windows 11) - Chính hãng",lenovo-v14-g4-iah-83fr000uvn,,True,True,True,2025-03-07 01:38:09.540422,2025-03-07 01:38:09.540759,106
803,"Lenovo Ideapad Slim 3 14IAH8 (83EQ0005VN) (i5-12450H/16GB/512GB/14"" FHD/WIN11/Xám) - Chính hãng",lenovo-ideapad-slim-3-14iah8-83eq0005vn,,True,True,True,2025-03-07 01:38:09.540422,2025-03-07 01:38:09.540759,106
804,Laptop Lenovo LOQ 15IAX9 83GS001SVN (I5-12450HX/12GB/512GB/ RTX2050/15.6 FHD 144HZ/WIN11/Xám) - Chính hãng,laptop-lenovo-loq-15iax9-83gs001svn,,True,True,True,2025-03-07 01:38:09.540422,2025-03-07 01:38:09.540759,106
805,Laptop LG Gram 14ZD90S-G.AX52A5 (Ultra 5 125H/16GB/256GB/14 inch WUXGA/ No OS/ Black) - Chính hãng,laptop-lg-gram-14zd90s-g-ax52a5,,True,True,True,2025-03-07 01:38:09.540422,2025-03-07 01:38:09.540759,107
806,Laptop LG Gram 2024 14Z90S-G.AH75A5 (Ultra 7 155H /16GB/512GB/Intel Arc/14 inch WUXGA/Win11/Đen) - Chính hãng,laptop-lg-gram-2024-14z90s-g-ah75a5,,True,True,True,2025-03-07 01:38:09.540422,2025-03-07 01:38:09.540759,107
807,"Laptop LG Gram 14Z90R-G.AH53A5 (i5 1340P/16GB/256GB/14""WUXGA/Win11/Xám) - Chính hãng",laptop-lg-gram-14z90r-g-ah53a5,,True,True,True,2025-03-07 01:38:09.540422,2025-03-07 01:38:09.540759,107
808,Laptop LG Gram 2024 14Z90S-G.AH55A5 (Ultra 5 125H/16GB/512GB/ Intel Arc/14 inch WUXGA /Win 11/Đen) - Chính hãng,laptop-lg-gram-2024-14z90s-g-ah55a5,,True,True,True,2025-03-07 01:38:09.540422,2025-03-07 01:38:09.540759,107
809,"Laptop Acer Predator Helios Neo 16S AI (PHN16S-71-94T0) (U9 275HX/32G/2TB SSD/16"" OLED/Win11 Home/RTX5070ti/Black)",laptop-acer-predator-helios-neo-16s-ai-phn16s-71-94t0,,True,True,True,2025-03-07 01:38:09.540422,2025-03-07 01:38:09.540759,108
810,"Acer Predator Helios Neo 16S AI (PHN16S-71-95MS) (U9-275HX/64G/2TB SSD/16"" OLED/Win11 Home/RTX5070ti/Black)",laptop-acer-predator-helios-neo-16s-ai-phn16s-71-95ms,,True,True,True,2025-03-07 01:38:09.540422,2025-03-07 01:38:09.540759,108
811,"Laptop Acer Predator Helios 18 AI (PH18-73-98AQ) (U9 275HX/192G/6TB/18""WQXGA 4K/Win11 HomeSL/RTX5090/Black)",laptop-acer-predator-helios-18-ai-ph18-73-98aq,,True,True,True,2025-03-07 01:38:09.540422,2025-03-07 01:38:09.540759,108
812,"Laptop Acer Predator Helios 18 AI (PH18-73-93P0) (U9 275HX/64G/3TB/18""WQXGA/Windows 11 Home/RTX5080/Black)",laptop-acer-predator-helios-18-ai-ph18-73-93p0,,True,True,True,2025-03-07 01:38:09.540422,2025-03-07 01:38:09.540759,108
813,"Laptop Acer Aspire 3 A314-23M-R4TX (NX.KEXSV.001) (R5-7520U/8GB/512GB/14""FHD/Win11) - Chính hãng",laptop-acer-aspire-3-a314-23m-r4tx-nx-kexsv-001,,True,True,True,2025-03-07 01:38:09.540422,2025-03-07 01:38:09.540759,108
814,Laptop Gaming Acer Nitro 5 Tiger AN515-58-52SP (i5-12500H/8GB/512GB/RTX™ 3050 4GB/15.6 inch FHD /Win 11/Đen) (NH.QFHSV.001) - Chính hãng,laptop-gaming-acer-nitro-5-tiger-an515-58-52sp-i5-12500h-8gb-512gb-rtx-3,,True,True,True,2025-03-07 01:38:09.540422,2025-03-07 01:38:09.540759,108
815,Laptop Acer Swift X SFX16-51G-50GS (i5-11320H/16GB/512GB/RTX3050Ti/16.1FHD/Win11/Xám) (NX.AYLSV.002) - Chính hãng,laptop-acer-swift-x-sfx16-51g-50gs-i5-11320h-16gb-512gb-rtx3050ti-16-1fhd,,True,True,True,2025-03-07 01:38:09.540422,2025-03-07 01:38:09.540759,108
816,Laptop Acer Swift X SFX16-51G-516Q (I5-11320H/16GB/512GB/RTX3050/16.1 FHD/WIN11/XÁM) (NX.AYKSV.002) - Chính hãng,laptop-acer-swift-x-sfx16-51g-516q-i5-11320h-16gb-512gb-rtx3050-16-1-fhd,,True,True,True,2025-03-07 01:38:09.540422,2025-03-07 01:38:09.540759,108
817,"Laptop Acer Aspire 3 A315-58-52KT (NX.AM0SV.006) - (i5-1135G7/8GB/512GB/15.6"" FHD/Windows 11) - Chính hãng",laptop-acer-aspire-3-a315-58-52kt-nx-am0sv-006-chinh-hang,,True,True,True,2025-03-07 01:38:09.540422,2025-03-07 01:38:09.540759,108
818,Laptop Gaming Acer PREDATOR HELIOS 16 2023 - PH16-71-94N1 (i9-13900HX/32GD5/1T+1T RAID/16_2K_240/W11SL/12G_RTX4080/ĐEN) (NH.QJSSV.002) - Chính hãng,laptop-gaming-acer-predator-helios-16-2023-ph16-71-94n1-nh-qjssv-002,,True,True,True,2025-03-07 01:38:09.540422,2025-03-07 01:38:09.540759,108
819,Laptop Gaming Acer PREDATOR HELIOS 18 2023 - PH18-71-94SJ (i9-13900HX/32GD5/1T+1T RAID/18_2K_240/W11SL/12G_RTX4080/ĐEN) (NH.QKRSV.002) - Chính hãng,laptop-gaming-acer-predator-helios-18-2023-ph18-71-94sj-nh-qkrsv-002,,True,True,True,2025-03-07 01:38:09.540422,2025-03-07 01:38:09.540759,108
820,Laptop Gaming Acer Nitro 5 Tiger AN515-58-769J (i7-12700H/8GD4/512GSSD/15.6FHD_144/W11/4GD6_RTX3050/ĐEN((NH.QFHSV.003) - Chính hãng,laptop-gaming-acer-nitro-5-tiger-an515-58-769j-i7-12700h-8gd4-512gssd,,True,True,True,2025-03-07 01:38:09.540422,2025-03-07 01:38:09.540759,108
821,Laptop Acer Aspire 3 A315-58-54XF i5-1135G7/8GB/512GB/15.6FHD/Win11/Safari Gold (NX.AM0SV.007) - Chính Hãng,laptop-acer-aspire-3-a315-58-54xf-i5-1135g7-8gb-512gb-15-6fhd-win11,,True,True,True,2025-03-07 01:38:09.540422,2025-03-07 01:38:09.540759,108
822,Laptop Gaming Acer Aspire 7 A715-43G-R8GA (R5-5625U/8GB/512GB/15.6FHD144HZ/RTX3050/W11SL/Đen) (NH.QHDSV.002) - Chính hãng,laptop-acer-gaming-aspire-7-a715-43g-r8ga-r5-5625u-8gb-512gb-15-6fhd144hz,,True,True,True,2025-03-07 01:38:09.540422,2025-03-07 01:38:09.540759,108
823,Laptop Acer Nitro 5 Tiger AN515-58-79UJ ( i7-12700H/16GB/512GB PCIE/RTX3060/15.6 IPS 144Hz/WIN11/ĐEN) (NH.QHYSV.001) - Chính hãng,laptop-acer-nitro-5-tiger-an515-58-79uj-i7-12700h-16gb-512gb-pcie-rtx3060,,True,True,True,2025-03-07 01:38:09.540422,2025-03-07 01:38:09.540759,108
824,Laptop Gaming Acer Nitro 5 AN515-57-5669 (NH.QEHSV.001) (i5-11400H/8GB/512GB/GTX 1650/Windows 11) - Chính hãng,laptop-gaming-acer-nitro-5-an515-57-5669-chinh-hang,,True,True,True,2025-03-07 01:38:09.540422,2025-03-07 01:38:09.540759,108
825,Laptop Acer TravelMate B3 TMB311 31 C2HB N4020/4GB/128GB/Win11 - Chính hãng,laptop-acer-travelmate-b3-tmb311-31-c2hb-n4020-4gb-128gb-win11-chinh-hang,,True,True,True,2025-03-07 01:38:09.540422,2025-03-07 01:38:09.540759,108
826,"Laptop Gaming Acer Aspire 5 - A515-58GM-53PZ (NX.KQ4SV.008) - (i5-13420H/8GB/512GB/RTX 2050/15.6"" FHD/Windows 11) - Chính hãng",laptop-gaming-acer-aspire-5-2023-a515-58gm-53pz-chinh-hang,,True,True,True,2025-03-07 01:38:09.540422,2025-03-07 01:38:09.540759,108
827,Laptop Acer Aspire 3 A315-58-589K i5-1135G7/8GB/256GB/15.6FHD/W11H/Safari Gold (NX.AM0SV.008) - Chính Hãng,laptop-acer-aspire-3-a315-58-589k-i5-1135g7-8gb-256gb-15-6fhd-w11h,,True,True,True,2025-03-07 01:38:09.540422,2025-03-07 01:38:09.540759,108
828,"Laptop Gaming Acer Nitro V - ANV15-51-58AN (NH.QNASV.001) - (i5-13420H/8GB/512GB/RTX 2050/15.6"" FHD 144Hz/Windows 11) - Chính hãng",laptop-gaming-acer-nitro-v-anv15-51-58an-chinh-hang,,True,True,True,2025-03-07 01:38:09.540422,2025-03-07 01:38:09.540759,108
